country,scenario,metric,baseline_value,comparison_value,difference
AFG,asthma_cr1,Total deaths averted by 2030,1604127.5399999998,1604127.5399999998,0.0
AFG,asthma_cr1,Total deaths averted by 2035,3022348.960000001,3022348.960000001,0.0
AFG,asthma_cr1,Cases averted by 2030,14186501.029999997,14186501.030000001,3.725290298461914e-09
AFG,asthma_cr1,Cases averted by 2035,29962134.869999997,29962134.87,3.725290298461914e-09
AFG,asthma_cr1,Total healthy years lived by 2030,247917675.68,247969929.25000003,52253.57000002265
AFG,asthma_cr1,Total healthy years lived by 2035,477631934.80999994,477765364.29,133429.48000007868
ALB,asthma_cr1,Total deaths averted by 2030,147278.43000000002,147278.43,-2.9103830456733704e-11
ALB,asthma_cr1,Total deaths averted by 2035,278653.7299999999,278653.73,5.820766091346741e-11
ALB,asthma_cr1,Cases averted by 2030,609462.48,609462.48,0.0
ALB,asthma_cr1,Cases averted by 2035,1213153.1,1213153.0999999999,-2.3283064365386963e-10
ALB,asthma_cr1,Total healthy years lived by 2030,14467159.04,14468406.670000002,1247.6300000026822
ALB,asthma_cr1,Total healthy years lived by 2035,26251600.150000002,26254618.690000005,3018.540000002831
DZA,asthma_cr1,Total deaths averted by 2030,1274960.9300000002,1274960.93,-2.3283064365386963e-10
DZA,asthma_cr1,Total deaths averted by 2035,2505772.41,2505772.41,0.0
DZA,asthma_cr1,Cases averted by 2030,11813530.700000001,11813530.7,-1.862645149230957e-09
DZA,asthma_cr1,Cases averted by 2035,24458778.660000004,24458778.660000004,0.0
DZA,asthma_cr1,Total healthy years lived by 2030,252289614.50000003,252340055.92999998,50441.42999994755
DZA,asthma_cr1,Total healthy years lived by 2035,473763198.96,473889258.87,126059.91000002623
AGO,asthma_cr1,Total deaths averted by 2030,1707715.3199999996,1707715.3199999998,2.3283064365386963e-10
AGO,asthma_cr1,Total deaths averted by 2035,3300866.8299999996,3300866.83,4.656612873077393e-10
AGO,asthma_cr1,Cases averted by 2030,10644237.430000002,10644237.430000002,0.0
AGO,asthma_cr1,Cases averted by 2035,23111795.48,23111795.48,0.0
AGO,asthma_cr1,Total healthy years lived by 2030,216168669.0,216229938.55,61269.55000001192
AGO,asthma_cr1,Total healthy years lived by 2035,425456307.91999996,425616751.58000004,160443.66000008583
ARG,asthma_cr1,Total deaths averted by 2030,2082940.91,2082940.9099999997,-2.3283064365386963e-10
ARG,asthma_cr1,Total deaths averted by 2035,3923946.92,3923946.9199999995,-4.656612873077393e-10
ARG,asthma_cr1,Cases averted by 2030,22467865.54,22467865.54,0.0
ARG,asthma_cr1,Cases averted by 2035,43631653.36,43631653.36,0.0
ARG,asthma_cr1,Total healthy years lived by 2030,245823988.72000003,245906796.25000003,82807.53000000119
ARG,asthma_cr1,Total healthy years lived by 2035,456044002.65,456240388.9,196386.25
ARM,asthma_cr1,Total deaths averted by 2030,152715.44,152715.44,0.0
ARM,asthma_cr1,Total deaths averted by 2035,284647.32,284647.31999999995,-5.820766091346741e-11
ARM,asthma_cr1,Cases averted by 2030,431216.91,431216.91,0.0
ARM,asthma_cr1,Cases averted by 2035,862006.25,862006.25,0.0
ARM,asthma_cr1,Total healthy years lived by 2030,14266344.27,14267868.89,1524.620000001043
ARM,asthma_cr1,Total healthy years lived by 2035,25833323.83,25837017.169999998,3693.339999999851
AUS,asthma_cr1,Total deaths averted by 2030,1142303.3800000001,1142303.3800000001,0.0
AUS,asthma_cr1,Total deaths averted by 2035,2241981.0300000003,2241981.03,-4.656612873077393e-10
AUS,asthma_cr1,Cases averted by 2030,13473040.080000002,13473040.080000002,0.0
AUS,asthma_cr1,Cases averted by 2035,24893259.25,24893259.25,0.0
AUS,asthma_cr1,Total healthy years lived by 2030,143646246.97,143682105.31,35858.340000003576
AUS,asthma_cr1,Total healthy years lived by 2035,268030214.54,268111342.23999998,81127.69999998808
AUT,asthma_cr1,Total deaths averted by 2030,514185.4000000001,514185.4000000001,0.0
AUT,asthma_cr1,Total deaths averted by 2035,980283.75,980283.7499999999,-1.1641532182693481e-10
AUT,asthma_cr1,Cases averted by 2030,3108241.7,3108241.7,0.0
AUT,asthma_cr1,Cases averted by 2035,5827951.18,5827951.180000001,9.313225746154785e-10
AUT,asthma_cr1,Total healthy years lived by 2030,46722185.82000001,46728378.29000001,6192.469999998808
AUT,asthma_cr1,Total healthy years lived by 2035,85709404.61,85723605.27,14200.659999996424
AZE,asthma_cr1,Total deaths averted by 2030,445881.6200000001,445881.6200000001,0.0
AZE,asthma_cr1,Total deaths averted by 2035,886776.2700000001,886776.2699999998,-3.4924596548080444e-10
AZE,asthma_cr1,Cases averted by 2030,1530217.08,1530217.08,0.0
AZE,asthma_cr1,Cases averted by 2035,3120956.29,3120956.29,0.0
AZE,asthma_cr1,Total healthy years lived by 2030,55478805.92000001,55484272.480000004,5466.559999994934
AZE,asthma_cr1,Total healthy years lived by 2035,102327558.36000001,102341044.08999999,13485.72999997437
BHS,asthma_cr1,Total deaths averted by 2030,19861.65,19861.65,0.0
BHS,asthma_cr1,Total deaths averted by 2035,38650.500000000015,38650.5,-1.4551915228366852e-11
BHS,asthma_cr1,Cases averted by 2030,147693.13,147693.13,0.0
BHS,asthma_cr1,Cases averted by 2035,297546.06000000006,297546.06,-5.820766091346741e-11
BHS,asthma_cr1,Total healthy years lived by 2030,2128539.27,2129102.57,563.2999999998137
BHS,asthma_cr1,Total healthy years lived by 2035,3928446.13,3929822.47,1376.3400000003166
BHR,asthma_cr1,Total deaths averted by 2030,22852.92,22852.92,0.0
BHR,asthma_cr1,Total deaths averted by 2035,47387.890000000014,47387.88999999999,-2.1827872842550278e-11
BHR,asthma_cr1,Cases averted by 2030,365384.67,365384.67,0.0
BHR,asthma_cr1,Cases averted by 2035,733248.64,733248.64,0.0
BHR,asthma_cr1,Total healthy years lived by 2030,7866567.8100000005,7868092.930000001,1525.1200000001118
BHR,asthma_cr1,Total healthy years lived by 2035,14384010.660000002,14387713.65,3702.989999998361
BGD,asthma_cr1,Total deaths averted by 2030,5764202.95,5764202.95,0.0
BGD,asthma_cr1,Total deaths averted by 2035,11111224.979999999,11111224.980000002,3.725290298461914e-09
BGD,asthma_cr1,Cases averted by 2030,17917151.72,17917151.72,0.0
BGD,asthma_cr1,Cases averted by 2035,37418795.87,37418795.870000005,7.450580596923828e-09
BGD,asthma_cr1,Total healthy years lived by 2030,933803303.87,933864221.64,60917.76999998093
BGD,asthma_cr1,Total healthy years lived by 2035,1745530594.3700001,1745684668.9400003,154074.57000017166
BRB,asthma_cr1,Total deaths averted by 2030,15978.210000000001,15978.210000000001,0.0
BRB,asthma_cr1,Total deaths averted by 2035,30804.219999999998,30804.22,3.637978807091713e-12
BRB,asthma_cr1,Cases averted by 2030,120889.35,120889.35,0.0
BRB,asthma_cr1,Cases averted by 2035,239942.64,239942.63999999996,-5.820766091346741e-11
BRB,asthma_cr1,Total healthy years lived by 2030,1406585.5799999998,1407031.83,446.25000000023283
BRB,asthma_cr1,Total healthy years lived by 2035,2573672.0000000005,2574748.82,1076.8199999993667
BLR,asthma_cr1,Total deaths averted by 2030,719848.7999999998,719848.7999999999,1.1641532182693481e-10
BLR,asthma_cr1,Total deaths averted by 2035,1329441.49,1329441.4900000002,2.3283064365386963e-10
BLR,asthma_cr1,Cases averted by 2030,2371130.4299999997,2371130.43,4.656612873077393e-10
BLR,asthma_cr1,Cases averted by 2035,4687623.520000001,4687623.5200000005,-9.313225746154785e-10
BLR,asthma_cr1,Total healthy years lived by 2030,47854948.79,47859798.9,4850.109999999404
BLR,asthma_cr1,Total healthy years lived by 2035,86891702.64999998,86903359.20000002,11656.550000041723
BEL,asthma_cr1,Total deaths averted by 2030,660918.0099999999,660918.01,1.1641532182693481e-10
BEL,asthma_cr1,Total deaths averted by 2035,1255550.58,1255550.58,0.0
BEL,asthma_cr1,Cases averted by 2030,3590296.87,3590296.87,0.0
BEL,asthma_cr1,Cases averted by 2035,6833093.24,6833093.24,0.0
BEL,asthma_cr1,Total healthy years lived by 2030,61742149.59,61749383.980000004,7234.390000000596
BEL,asthma_cr1,Total healthy years lived by 2035,114273086.8,114289914.57000001,16827.77000001073
BLZ,asthma_cr1,Total deaths averted by 2030,12869.72,12869.720000000003,3.637978807091713e-12
BLZ,asthma_cr1,Total deaths averted by 2035,25259.199999999997,25259.2,3.637978807091713e-12
BLZ,asthma_cr1,Cases averted by 2030,181357.03999999998,181357.04,2.9103830456733704e-11
BLZ,asthma_cr1,Cases averted by 2035,371008.61000000004,371008.61,-5.820766091346741e-11
BLZ,asthma_cr1,Total healthy years lived by 2030,2242612.68,2243318.41,705.7299999999814
BLZ,asthma_cr1,Total healthy years lived by 2035,4227124.58,4228872.380000001,1747.800000000745
BEN,asthma_cr1,Total deaths averted by 2030,752819.51,752819.5100000001,1.1641532182693481e-10
BEN,asthma_cr1,Total deaths averted by 2035,1444344.89,1444344.89,0.0
BEN,asthma_cr1,Cases averted by 2030,3293366.5,3293366.5000000005,4.656612873077393e-10
BEN,asthma_cr1,Cases averted by 2035,7120906.329999999,7120906.33,9.313225746154785e-10
BEN,asthma_cr1,Total healthy years lived by 2030,79658690.46000001,79677569.56,18879.09999999404
BEN,asthma_cr1,Total healthy years lived by 2035,155242086.22,155291330.79,49244.56999999285
BTN,asthma_cr1,Total deaths averted by 2030,29914.68,29914.680000000004,3.637978807091713e-12
BTN,asthma_cr1,Total deaths averted by 2035,57002.049999999996,57002.05000000001,1.4551915228366852e-11
BTN,asthma_cr1,Cases averted by 2030,81417.87000000001,81417.87000000001,0.0
BTN,asthma_cr1,Cases averted by 2035,168623.69,168623.69,0.0
BTN,asthma_cr1,Total healthy years lived by 2030,4161431.1299999994,4161706.07,274.9400000004098
BTN,asthma_cr1,Total healthy years lived by 2035,7711621.700000001,7712312.149999999,690.4499999983236
BIH,asthma_cr1,Total deaths averted by 2030,217609.54,217609.54,0.0
BIH,asthma_cr1,Total deaths averted by 2035,398604.41000000003,398604.41000000003,0.0
BIH,asthma_cr1,Cases averted by 2030,1064328.85,1064328.8499999999,-2.3283064365386963e-10
BIH,asthma_cr1,Cases averted by 2035,2041872.3699999999,2041872.3699999999,0.0
BIH,asthma_cr1,Total healthy years lived by 2030,15818922.410000002,15821054.17,2131.759999997914
BIH,asthma_cr1,Total healthy years lived by 2035,28094148.869999997,28099131.16,4982.290000002831
BWA,asthma_cr1,Total deaths averted by 2030,120155.32999999999,120155.33,1.4551915228366852e-11
BWA,asthma_cr1,Total deaths averted by 2035,234081.31,234081.31,0.0
BWA,asthma_cr1,Cases averted by 2030,546467.72,546467.72,0.0
BWA,asthma_cr1,Cases averted by 2035,1147904.7400000002,1147904.74,-2.3283064365386963e-10
BWA,asthma_cr1,Total healthy years lived by 2030,14799078.07,14802145.780000001,3067.710000000894
BWA,asthma_cr1,Total healthy years lived by 2035,27995335.47,28003118.93,7783.460000000894
BRA,asthma_cr1,Total deaths averted by 2030,9203331.290000001,9203331.290000001,0.0
BRA,asthma_cr1,Total deaths averted by 2035,17807646.059999995,17807646.059999995,0.0
BRA,asthma_cr1,Cases averted by 2030,70760379.07,70760379.07000001,1.4901161193847656e-08
BRA,asthma_cr1,Cases averted by 2035,144240860.14999998,144240860.15,2.9802322387695312e-08
BRA,asthma_cr1,Total healthy years lived by 2030,1147005005.22,1147284147.9099998,279142.6899998188
BRA,asthma_cr1,Total healthy years lived by 2035,2119284079.7800002,2119972239.71,688159.9299998283
BRN,asthma_cr1,Total deaths averted by 2030,16644.98,16644.98,0.0
BRN,asthma_cr1,Total deaths averted by 2035,32495.16,32495.159999999993,-7.275957614183426e-12
BRN,asthma_cr1,Cases averted by 2030,145084.69,145084.69,0.0
BRN,asthma_cr1,Cases averted by 2035,291129.51999999996,291129.52,5.820766091346741e-11
BRN,asthma_cr1,Total healthy years lived by 2030,2519390.36,2519909.98,519.6200000001118
BRN,asthma_cr1,Total healthy years lived by 2035,4668663.749999999,4669933.09,1269.3400000007823
BGR,asthma_cr1,Total deaths averted by 2030,583843.72,583843.7200000001,1.1641532182693481e-10
BGR,asthma_cr1,Total deaths averted by 2035,1064690.4000000001,1064690.4,-2.3283064365386963e-10
BGR,asthma_cr1,Cases averted by 2030,1725314.71,1725314.71,0.0
BGR,asthma_cr1,Cases averted by 2035,3367813.55,3367813.55,0.0
BGR,asthma_cr1,Total healthy years lived by 2030,32714663.239999995,32718151.540000003,3488.3000000081956
BGR,asthma_cr1,Total healthy years lived by 2035,58630281.12,58638572.86999998,8291.749999985099
BFA,asthma_cr1,Total deaths averted by 2030,1179194.83,1179194.83,0.0
BFA,asthma_cr1,Total deaths averted by 2035,2256040.6800000006,2256040.68,-4.656612873077393e-10
BFA,asthma_cr1,Cases averted by 2030,5491199.52,5491199.52,0.0
BFA,asthma_cr1,Cases averted by 2035,11835319.360000001,11835319.36,-1.862645149230957e-09
BFA,asthma_cr1,Total healthy years lived by 2030,134689223.26999998,134720945.86,31722.59000003338
BFA,asthma_cr1,Total healthy years lived by 2035,261549131.47,261631534.19,82402.71999999881
BDI,asthma_cr1,Total deaths averted by 2030,585698.6000000001,585698.6,-1.1641532182693481e-10
BDI,asthma_cr1,Total deaths averted by 2035,1129490.5400000003,1129490.5400000003,0.0
BDI,asthma_cr1,Cases averted by 2030,4886219.11,4886219.11,0.0
BDI,asthma_cr1,Cases averted by 2035,10351625.14,10351625.14,0.0
BDI,asthma_cr1,Total healthy years lived by 2030,77074212.74000001,77102423.62,28210.87999999523
BDI,asthma_cr1,Total healthy years lived by 2035,149468214.77,149540375.69,72160.91999998689
KHM,asthma_cr1,Total deaths averted by 2030,677754.4599999997,677754.4599999998,1.1641532182693481e-10
KHM,asthma_cr1,Total deaths averted by 2035,1327112.38,1327112.38,0.0
KHM,asthma_cr1,Cases averted by 2030,3197459.24,3197459.24,0.0
KHM,asthma_cr1,Cases averted by 2035,6606563.02,6606563.020000001,1.862645149230957e-09
KHM,asthma_cr1,Total healthy years lived by 2030,93148409.77000001,93160025.27000001,11615.5
KHM,asthma_cr1,Total healthy years lived by 2035,174086157.56,174115179.48999998,29021.92999997735
CMR,asthma_cr1,Total deaths averted by 2030,1371957.1999999997,1371957.2,2.3283064365386963e-10
CMR,asthma_cr1,Total deaths averted by 2035,2639966.5900000003,2639966.5899999994,-9.313225746154785e-10
CMR,asthma_cr1,Cases averted by 2030,5971502.750000001,5971502.749999999,-1.862645149230957e-09
CMR,asthma_cr1,Cases averted by 2035,12925957.059999999,12925957.060000002,3.725290298461914e-09
CMR,asthma_cr1,Total healthy years lived by 2030,166039527.87,166073974.97,34447.09999999404
CMR,asthma_cr1,Total healthy years lived by 2035,322430076.48,322519911.5899999,89835.1099998951
CAN,asthma_cr1,Total deaths averted by 2030,1915879.4900000002,1915879.4900000002,0.0
CAN,asthma_cr1,Total deaths averted by 2035,3757370.89,3757370.8899999997,-4.656612873077393e-10
CAN,asthma_cr1,Cases averted by 2030,13228926.530000001,13228926.530000001,0.0
CAN,asthma_cr1,Cases averted by 2035,27090576.870000005,27090576.87,-3.725290298461914e-09
CAN,asthma_cr1,Total healthy years lived by 2030,208091591.20000002,208103804.38,12213.17999997735
CAN,asthma_cr1,Total healthy years lived by 2035,386446468.48,386476812.17999995,30343.699999928474
CPV,asthma_cr1,Total deaths averted by 2030,16750.639999999996,16750.64,3.637978807091713e-12
CPV,asthma_cr1,Total deaths averted by 2035,31912.64,31912.640000000007,7.275957614183426e-12
CPV,asthma_cr1,Cases averted by 2030,112869.53,112869.53000000001,1.4551915228366852e-11
CPV,asthma_cr1,Cases averted by 2035,233442.68000000002,233442.68000000005,2.9103830456733704e-11
CPV,asthma_cr1,Total healthy years lived by 2030,3178076.3699999996,3178702.06,625.6900000004098
CPV,asthma_cr1,Total healthy years lived by 2035,5926376.279999999,5927939.869999999,1563.589999999851
CAF,asthma_cr1,Total deaths averted by 2030,367210.5099999999,367210.51,1.1641532182693481e-10
CAF,asthma_cr1,Total deaths averted by 2035,680026.9299999999,680026.93,1.1641532182693481e-10
CAF,asthma_cr1,Cases averted by 2030,1677235.7999999998,1677235.7999999998,0.0
CAF,asthma_cr1,Cases averted by 2035,3481174.04,3481174.0400000005,4.656612873077393e-10
CAF,asthma_cr1,Total healthy years lived by 2030,32765527.9,32775216.980000004,9689.080000005662
CAF,asthma_cr1,Total healthy years lived by 2035,62263900.53,62288238.44,24337.909999996424
TCD,asthma_cr1,Total deaths averted by 2030,1373760.23,1373760.23,0.0
TCD,asthma_cr1,Total deaths averted by 2035,2656896.3899999997,2656896.39,4.656612873077393e-10
TCD,asthma_cr1,Cases averted by 2030,3750550.5999999996,3750550.5999999996,0.0
TCD,asthma_cr1,Cases averted by 2035,8225451.649999999,8225451.65,9.313225746154785e-10
TCD,asthma_cr1,Total healthy years lived by 2030,108597346.66,108619228.7,21882.040000006557
TCD,asthma_cr1,Total healthy years lived by 2035,214045766.30999997,214103559.03999996,57792.72999998927
CHL,asthma_cr1,Total deaths averted by 2030,798810.5399999999,798810.54,1.1641532182693481e-10
CHL,asthma_cr1,Total deaths averted by 2035,1558376.9,1558376.9000000001,2.3283064365386963e-10
CHL,asthma_cr1,Cases averted by 2030,7715229.7,7715229.7,0.0
CHL,asthma_cr1,Cases averted by 2035,15371281.94,15371281.940000001,1.862645149230957e-09
CHL,asthma_cr1,Total healthy years lived by 2030,104898924.93,104926895.79999998,27970.869999974966
CHL,asthma_cr1,Total healthy years lived by 2035,196299929.79,196367877.36999997,67947.57999998331
CHN,asthma_cr1,Total deaths averted by 2030,67121674.71999998,67121674.72,1.4901161193847656e-08
CHN,asthma_cr1,Total deaths averted by 2035,130263785.4,130263785.4,0.0
CHN,asthma_cr1,Cases averted by 2030,188769142.58999997,188769142.58999997,0.0
CHN,asthma_cr1,Cases averted by 2035,377253486.32,377253486.32,0.0
CHN,asthma_cr1,Total healthy years lived by 2030,7540759545.0,7541439282.84,679737.8400001526
CHN,asthma_cr1,Total healthy years lived by 2035,13738053280.96,13739699609.42,1646328.4600009918
COL,asthma_cr1,Total deaths averted by 2030,1850357.87,1850357.87,0.0
COL,asthma_cr1,Total deaths averted by 2035,3680524.3599999994,3680524.3599999994,0.0
COL,asthma_cr1,Cases averted by 2030,12939609.22,12939609.219999999,-1.862645149230957e-09
COL,asthma_cr1,Cases averted by 2035,26791655.310000002,26791655.31,-3.725290298461914e-09
COL,asthma_cr1,Total healthy years lived by 2030,284535878.26,284587113.39,51235.12999999523
COL,asthma_cr1,Total healthy years lived by 2035,533709774.67,533838048.75,128274.07999998331
COM,asthma_cr1,Total deaths averted by 2030,40266.74,40266.73999999999,-7.275957614183426e-12
COM,asthma_cr1,Total deaths averted by 2035,75537.44999999998,75537.44999999998,0.0
COM,asthma_cr1,Cases averted by 2030,292466.86,292466.86,0.0
COM,asthma_cr1,Cases averted by 2035,611524.23,611524.23,0.0
COM,asthma_cr1,Total healthy years lived by 2030,4761074.109999999,4762739.2,1665.0900000007823
COM,asthma_cr1,Total healthy years lived by 2035,9082448.86,9086659.440000001,4210.580000001937
COG,asthma_cr1,Total deaths averted by 2030,280012.95999999996,280012.96,5.820766091346741e-11
COG,asthma_cr1,Total deaths averted by 2035,544173.46,544173.4599999998,-1.1641532182693481e-10
COG,asthma_cr1,Cases averted by 2030,1892116.9200000002,1892116.9200000002,0.0
COG,asthma_cr1,Cases averted by 2035,3993658.0599999996,3993658.0599999996,0.0
COG,asthma_cr1,Total healthy years lived by 2030,34561835.74,34572517.47,10681.729999996722
COG,asthma_cr1,Total healthy years lived by 2035,66650041.95,66677301.61,27259.659999996424
COD,asthma_cr1,Total deaths averted by 2030,5765847.130000001,5765847.130000001,0.0
COD,asthma_cr1,Total deaths averted by 2035,11107586.379999999,11107586.380000003,3.725290298461914e-09
COD,asthma_cr1,Cases averted by 2030,28656737.269999996,28656737.27,3.725290298461914e-09
COD,asthma_cr1,Cases averted by 2035,62580980.739999995,62580980.74,7.450580596923828e-09
COD,asthma_cr1,Total healthy years lived by 2030,607664265.5899999,607829987.4499999,165721.8600000143
COD,asthma_cr1,Total healthy years lived by 2035,1201888204.5299997,1202324850.28,436645.7500002384
CRI,asthma_cr1,Total deaths averted by 2030,182663.23,182663.22999999998,-2.9103830456733704e-11
CRI,asthma_cr1,Total deaths averted by 2035,357490.03,357490.02999999997,-5.820766091346741e-11
CRI,asthma_cr1,Cases averted by 2030,1927841.13,1927841.13,0.0
CRI,asthma_cr1,Cases averted by 2035,3864001.3400000003,3864001.34,-4.656612873077393e-10
CRI,asthma_cr1,Total healthy years lived by 2030,27981852.789999995,27989304.74,7451.95000000298
CRI,asthma_cr1,Total healthy years lived by 2035,51802272.68000001,51820394.72,18122.039999991655
CIV,asthma_cr1,Total deaths averted by 2030,1528017.7099999997,1528017.71,2.3283064365386963e-10
CIV,asthma_cr1,Total deaths averted by 2035,2944325.2700000005,2944325.27,-4.656612873077393e-10
CIV,asthma_cr1,Cases averted by 2030,7768364.030000001,7768364.029999999,-1.862645149230957e-09
CIV,asthma_cr1,Cases averted by 2035,16652798.030000001,16652798.029999997,-3.725290298461914e-09
CIV,asthma_cr1,Total healthy years lived by 2030,166270392.85,166314775.06,44382.210000008345
CIV,asthma_cr1,Total healthy years lived by 2035,322087675.20000005,322202556.93,114881.72999995947
HRV,asthma_cr1,Total deaths averted by 2030,301938.70000000007,301938.69999999995,-1.1641532182693481e-10
HRV,asthma_cr1,Total deaths averted by 2035,550638.9,550638.9,0.0
HRV,asthma_cr1,Cases averted by 2030,1225632.0799999998,1225632.08,2.3283064365386963e-10
HRV,asthma_cr1,Cases averted by 2035,2382914.71,2382914.71,0.0
HRV,asthma_cr1,Total healthy years lived by 2030,19814590.840000004,19817037.57,2446.7299999967217
HRV,asthma_cr1,Total healthy years lived by 2035,35594173.49,35599971.27,5797.780000001192
CUB,asthma_cr1,Total deaths averted by 2030,678055.9500000001,678055.95,-1.1641532182693481e-10
CUB,asthma_cr1,Total deaths averted by 2035,1278445.3599999999,1278445.36,2.3283064365386963e-10
CUB,asthma_cr1,Cases averted by 2030,4466901.99,4466901.989999999,-9.313225746154785e-10
CUB,asthma_cr1,Cases averted by 2035,8795228.19,8795228.19,0.0
CUB,asthma_cr1,Total healthy years lived by 2030,54860627.06,54877151.92,16524.859999999404
CUB,asthma_cr1,Total healthy years lived by 2035,99636625.75999999,99676162.71000001,39536.95000001788
CYP,asthma_cr1,Total deaths averted by 2030,55608.57,55608.56999999999,-7.275957614183426e-12
CYP,asthma_cr1,Total deaths averted by 2035,107619.08,107619.08,0.0
CYP,asthma_cr1,Cases averted by 2030,603743.25,603743.25,0.0
CYP,asthma_cr1,Cases averted by 2035,1127406.57,1127406.5699999998,-2.3283064365386963e-10
CYP,asthma_cr1,Total healthy years lived by 2030,6713814.35,6715016.720000001,1202.370000001043
CYP,asthma_cr1,Total healthy years lived by 2035,12354979.22,12357725.110000001,2745.890000000596
CZE,asthma_cr1,Total deaths averted by 2030,674740.59,674740.5899999999,-1.1641532182693481e-10
CZE,asthma_cr1,Total deaths averted by 2035,1284200.4400000004,1284200.44,-4.656612873077393e-10
CZE,asthma_cr1,Cases averted by 2030,2337520.8,2337520.8000000003,4.656612873077393e-10
CZE,asthma_cr1,Cases averted by 2035,4668665.13,4668665.13,0.0
CZE,asthma_cr1,Total healthy years lived by 2030,53535783.489999995,53540590.279999994,4806.789999999106
CZE,asthma_cr1,Total healthy years lived by 2035,97442741.77,97454409.16000001,11667.390000015497
DNK,asthma_cr1,Total deaths averted by 2030,349612.23999999993,349612.24,5.820766091346741e-11
DNK,asthma_cr1,Total deaths averted by 2035,673602.9500000001,673602.95,-1.1641532182693481e-10
DNK,asthma_cr1,Cases averted by 2030,1874991.4,1874991.4,0.0
DNK,asthma_cr1,Cases averted by 2035,3595207.02,3595207.02,0.0
DNK,asthma_cr1,Total healthy years lived by 2030,31375205.08,31379011.93,3806.85000000149
DNK,asthma_cr1,Total healthy years lived by 2035,58121768.19,58130694.800000004,8926.610000006855
DJI,asthma_cr1,Total deaths averted by 2030,58407.45,58407.45,0.0
DJI,asthma_cr1,Total deaths averted by 2035,111707.74000000002,111707.73999999999,-2.9103830456733704e-11
DJI,asthma_cr1,Cases averted by 2030,361423.79000000004,361423.79000000004,0.0
DJI,asthma_cr1,Cases averted by 2035,749205.3800000001,749205.38,-1.1641532182693481e-10
DJI,asthma_cr1,Total healthy years lived by 2030,6181942.65,6183958.02,2015.3699999991804
DJI,asthma_cr1,Total healthy years lived by 2035,11666493.629999999,11671550.88,5057.250000001863
DOM,asthma_cr1,Total deaths averted by 2030,439459.88000000006,439459.8799999999,-1.7462298274040222e-10
DOM,asthma_cr1,Total deaths averted by 2035,844749.59,844749.59,0.0
DOM,asthma_cr1,Cases averted by 2030,3416614.8600000003,3416614.8600000003,0.0
DOM,asthma_cr1,Cases averted by 2035,7050875.09,7050875.090000001,9.313225746154785e-10
DOM,asthma_cr1,Total healthy years lived by 2030,60403588.8,60416949.32,13360.520000003278
DOM,asthma_cr1,Total healthy years lived by 2035,112756038.25,112789346.71,33308.45999999344
EGY,asthma_cr1,Total deaths averted by 2030,3921257.5,3921257.5000000005,4.656612873077393e-10
EGY,asthma_cr1,Total deaths averted by 2035,7651111.010000001,7651111.010000001,0.0
EGY,asthma_cr1,Cases averted by 2030,31136046.689999998,31136046.69,3.725290298461914e-09
EGY,asthma_cr1,Cases averted by 2035,64941282.26,64941282.260000005,7.450580596923828e-09
EGY,asthma_cr1,Total healthy years lived by 2030,633689528.19,633822310.01,132781.81999993324
EGY,asthma_cr1,Total healthy years lived by 2035,1201676415.52,1202011493.08,335077.5599999428
SLV,asthma_cr1,Total deaths averted by 2030,273459.13,273459.13,0.0
SLV,asthma_cr1,Total deaths averted by 2035,514639.5,514639.50000000006,5.820766091346741e-11
SLV,asthma_cr1,Cases averted by 2030,2461979.84,2461979.84,0.0
SLV,asthma_cr1,Cases averted by 2035,4918767.83,4918767.83,0.0
SLV,asthma_cr1,Total healthy years lived by 2030,34311981.089999996,34321618.75,9637.660000003874
SLV,asthma_cr1,Total healthy years lived by 2035,63221656.940000005,63245019.70999999,23362.769999988377
GNQ,asthma_cr1,Total deaths averted by 2030,87581.77000000002,87581.77000000002,0.0
GNQ,asthma_cr1,Total deaths averted by 2035,170426.33000000002,170426.33,-2.9103830456733704e-11
GNQ,asthma_cr1,Cases averted by 2030,446015.64,446015.63999999996,-5.820766091346741e-11
GNQ,asthma_cr1,Cases averted by 2035,956513.35,956513.3500000001,1.1641532182693481e-10
GNQ,asthma_cr1,Total healthy years lived by 2030,9738084.190000001,9740614.14,2529.949999999255
GNQ,asthma_cr1,Total healthy years lived by 2035,18854894.980000004,18861439.39,6544.409999996424
ERI,asthma_cr1,Total deaths averted by 2030,137551.99,137551.99,0.0
ERI,asthma_cr1,Total deaths averted by 2035,259114.95,259114.94999999998,-2.9103830456733704e-11
ERI,asthma_cr1,Cases averted by 2030,1342640.02,1342640.02,0.0
ERI,asthma_cr1,Cases averted by 2035,2795067.0900000003,2795067.09,-4.656612873077393e-10
ERI,asthma_cr1,Total healthy years lived by 2030,21086220.89,21093833.61,7612.719999998808
ERI,asthma_cr1,Total healthy years lived by 2035,40314426.529999994,40333620.23,19193.70000000298
EST,asthma_cr1,Total deaths averted by 2030,92855.69,92855.69000000002,1.4551915228366852e-11
EST,asthma_cr1,Total deaths averted by 2035,172433.10000000003,172433.09999999998,-5.820766091346741e-11
EST,asthma_cr1,Cases averted by 2030,197105.40999999997,197105.41,2.9103830456733704e-11
EST,asthma_cr1,Cases averted by 2035,398151.32000000007,398151.32000000007,0.0
EST,asthma_cr1,Total healthy years lived by 2030,6708982.949999999,6709393.140000001,410.1900000013411
EST,asthma_cr1,Total healthy years lived by 2035,12251894.55,12252899.950000001,1005.4000000003725
ETH,asthma_cr1,Total deaths averted by 2030,4695166.75,4695166.75,0.0
ETH,asthma_cr1,Total deaths averted by 2035,8953326.149999999,8953326.15,1.862645149230957e-09
ETH,asthma_cr1,Cases averted by 2030,32920308.4,32920308.4,0.0
ETH,asthma_cr1,Cases averted by 2035,71013947.14,71013947.14,0.0
ETH,asthma_cr1,Total healthy years lived by 2030,732639253.54,732830839.33,191585.79000008106
ETH,asthma_cr1,Total healthy years lived by 2035,1418502909.29,1419000733.1399999,497823.84999990463
FJI,asthma_cr1,Total deaths averted by 2030,48796.41999999999,48796.41999999999,0.0
FJI,asthma_cr1,Total deaths averted by 2035,91966.03000000001,91966.03000000001,0.0
FJI,asthma_cr1,Cases averted by 2030,227096.18999999997,227096.19,2.9103830456733704e-11
FJI,asthma_cr1,Cases averted by 2035,457904.67000000004,457904.67,-5.820766091346741e-11
FJI,asthma_cr1,Total healthy years lived by 2030,4922595.0,4923386.26,791.2599999997765
FJI,asthma_cr1,Total healthy years lived by 2035,9063095.780000001,9065031.76,1935.9799999985844
FIN,asthma_cr1,Total deaths averted by 2030,343445.51,343445.51,0.0
FIN,asthma_cr1,Total deaths averted by 2035,659029.1099999998,659029.1099999999,1.1641532182693481e-10
FIN,asthma_cr1,Cases averted by 2030,2341640.16,2341640.1599999997,-4.656612873077393e-10
FIN,asthma_cr1,Cases averted by 2035,4305534.529999999,4305534.529999999,0.0
FIN,asthma_cr1,Total healthy years lived by 2030,28742431.21,28747001.169999998,4569.959999997169
FIN,asthma_cr1,Total healthy years lived by 2035,52637471.730000004,52647760.33,10288.59999999404
FRA,asthma_cr1,Total deaths averted by 2030,3649268.5500000003,3649268.55,-4.656612873077393e-10
FRA,asthma_cr1,Total deaths averted by 2035,6886264.489999999,6886264.49,9.313225746154785e-10
FRA,asthma_cr1,Cases averted by 2030,28189756.560000002,28189756.56,-3.725290298461914e-09
FRA,asthma_cr1,Cases averted by 2035,52508605.76,52508605.76,0.0
FRA,asthma_cr1,Total healthy years lived by 2030,337876300.16999996,337932408.68,56108.51000005007
FRA,asthma_cr1,Total healthy years lived by 2035,619676976.63,619804811.4599999,127834.8299999237
GAB,asthma_cr1,Total deaths averted by 2030,101837.96,101837.95999999999,-1.4551915228366852e-11
GAB,asthma_cr1,Total deaths averted by 2035,197547.77000000002,197547.77000000005,2.9103830456733704e-11
GAB,asthma_cr1,Cases averted by 2030,574824.33,574824.33,0.0
GAB,asthma_cr1,Cases averted by 2035,1219927.7799999998,1219927.7800000003,4.656612873077393e-10
GAB,asthma_cr1,Total healthy years lived by 2030,13584054.940000001,13587308.7,3253.759999997914
GAB,asthma_cr1,Total healthy years lived by 2035,26000568.159999996,26008900.22,8332.060000002384
GMB,asthma_cr1,Total deaths averted by 2030,112877.52,112877.51999999999,-1.4551915228366852e-11
GMB,asthma_cr1,Total deaths averted by 2035,217063.93,217063.93000000002,2.9103830456733704e-11
GMB,asthma_cr1,Cases averted by 2030,663915.17,663915.1699999999,-1.1641532182693481e-10
GMB,asthma_cr1,Cases averted by 2035,1423454.13,1423454.1300000001,2.3283064365386963e-10
GMB,asthma_cr1,Total healthy years lived by 2030,16017829.209999999,16021630.4,3801.190000001341
GMB,asthma_cr1,Total healthy years lived by 2035,31001058.320000004,31010884.680000003,9826.359999999404
GEO,asthma_cr1,Total deaths averted by 2030,252595.58000000002,252595.58,-2.9103830456733704e-11
GEO,asthma_cr1,Total deaths averted by 2035,466237.66000000003,466237.66000000003,0.0
GEO,asthma_cr1,Cases averted by 2030,542632.8200000001,542632.82,-1.1641532182693481e-10
GEO,asthma_cr1,Cases averted by 2035,1097748.94,1097748.94,0.0
GEO,asthma_cr1,Total healthy years lived by 2030,19186658.72,19188590.740000002,1932.0200000032783
GEO,asthma_cr1,Total healthy years lived by 2035,35084171.919999994,35088909.239999995,4737.320000000298
DEU,asthma_cr1,Total deaths averted by 2030,5645630.310000001,5645630.3100000005,-9.313225746154785e-10
DEU,asthma_cr1,Total deaths averted by 2035,10583302.290000001,10583302.290000001,0.0
DEU,asthma_cr1,Cases averted by 2030,22630934.07,22630934.07,0.0
DEU,asthma_cr1,Cases averted by 2035,42920721.26,42920721.26,0.0
DEU,asthma_cr1,Total healthy years lived by 2030,430224301.57000005,430269679.22,45377.64999997616
DEU,asthma_cr1,Total healthy years lived by 2035,788813106.0500001,788918303.4499998,105197.39999973774
GHA,asthma_cr1,Total deaths averted by 2030,1502405.3800000001,1502405.3800000001,0.0
GHA,asthma_cr1,Total deaths averted by 2035,2905967.9799999995,2905967.9800000004,9.313225746154785e-10
GHA,asthma_cr1,Cases averted by 2030,6244882.37,6244882.370000001,9.313225746154785e-10
GHA,asthma_cr1,Cases averted by 2035,13294116.930000002,13294116.929999998,-3.725290298461914e-09
GHA,asthma_cr1,Total healthy years lived by 2030,191112583.46,191148130.14,35546.67999997735
GHA,asthma_cr1,Total healthy years lived by 2035,365278193.33,365369465.0799999,91271.7499999404
GRC,asthma_cr1,Total deaths averted by 2030,694624.0900000001,694624.0900000001,0.0
GRC,asthma_cr1,Total deaths averted by 2035,1284624.8099999998,1284624.81,2.3283064365386963e-10
GRC,asthma_cr1,Cases averted by 2030,3641446.39,3641446.3899999997,-4.656612873077393e-10
GRC,asthma_cr1,Cases averted by 2035,6707566.41,6707566.410000001,9.313225746154785e-10
GRC,asthma_cr1,Total healthy years lived by 2030,52147670.169999994,52154851.75,7181.580000005662
GRC,asthma_cr1,Total healthy years lived by 2035,94072239.73,94088417.01999998,16177.289999976754
GTM,asthma_cr1,Total deaths averted by 2030,544979.6799999999,544979.68,1.1641532182693481e-10
GTM,asthma_cr1,Total deaths averted by 2035,1051028.6800000002,1051028.68,-2.3283064365386963e-10
GTM,asthma_cr1,Cases averted by 2030,4521602.94,4521602.94,0.0
GTM,asthma_cr1,Cases averted by 2035,9418602.120000001,9418602.12,-1.862645149230957e-09
GTM,asthma_cr1,Total healthy years lived by 2030,103115060.77999999,103133476.88,18416.10000000894
GTM,asthma_cr1,Total healthy years lived by 2035,194540364.32000002,194586650.75,46286.42999997735
GIN,asthma_cr1,Total deaths averted by 2030,797948.9600000001,797948.96,-1.1641532182693481e-10
GIN,asthma_cr1,Total deaths averted by 2035,1513279.0800000003,1513279.0799999998,-4.656612873077393e-10
GIN,asthma_cr1,Cases averted by 2030,3981607.86,3981607.86,0.0
GIN,asthma_cr1,Cases averted by 2035,8458938.14,8458938.14,0.0
GIN,asthma_cr1,Total healthy years lived by 2030,81290470.01,81313104.49,22634.47999998927
GIN,asthma_cr1,Total healthy years lived by 2035,156979048.01,157037148.56999996,58100.55999997258
GNB,asthma_cr1,Total deaths averted by 2030,105094.74,105094.73999999999,-1.4551915228366852e-11
GNB,asthma_cr1,Total deaths averted by 2035,201624.96000000002,201624.96000000002,0.0
GNB,asthma_cr1,Cases averted by 2030,538262.88,538262.88,0.0
GNB,asthma_cr1,Cases averted by 2035,1140497.2799999998,1140497.2800000003,4.656612873077393e-10
GNB,asthma_cr1,Total healthy years lived by 2030,12212239.48,12215279.080000002,3039.60000000149
GNB,asthma_cr1,Total healthy years lived by 2035,23470540.54,23478323.740000002,7783.20000000298
GUY,asthma_cr1,Total deaths averted by 2030,38413.78,38413.78,0.0
GUY,asthma_cr1,Total deaths averted by 2035,72859.79000000001,72859.78999999998,-2.9103830456733704e-11
GUY,asthma_cr1,Cases averted by 2030,380489.84,380489.84,0.0
GUY,asthma_cr1,Cases averted by 2035,762917.8600000001,762917.8600000001,0.0
GUY,asthma_cr1,Total healthy years lived by 2030,4295486.34,4296958.69,1472.3500000005588
GUY,asthma_cr1,Total healthy years lived by 2035,7949893.650000001,7953474.51,3580.8599999984726
HTI,asthma_cr1,Total deaths averted by 2030,558011.2,558011.2000000001,1.1641532182693481e-10
HTI,asthma_cr1,Total deaths averted by 2035,1057547.3299999998,1057547.33,2.3283064365386963e-10
HTI,asthma_cr1,Cases averted by 2030,6571805.58,6571805.580000001,9.313225746154785e-10
HTI,asthma_cr1,Cases averted by 2035,13364486.33,13364486.330000002,1.862645149230957e-09
HTI,asthma_cr1,Total healthy years lived by 2030,63744818.95,63770484.94,25665.989999994636
HTI,asthma_cr1,Total healthy years lived by 2035,119634301.24999999,119697568.99000001,63267.74000002444
HND,asthma_cr1,Total deaths averted by 2030,304047.36,304047.3599999999,-5.820766091346741e-11
HND,asthma_cr1,Total deaths averted by 2035,601067.7100000001,601067.71,-1.1641532182693481e-10
HND,asthma_cr1,Cases averted by 2030,3340601.38,3340601.3800000004,4.656612873077393e-10
HND,asthma_cr1,Cases averted by 2035,6938312.62,6938312.620000001,9.313225746154785e-10
HND,asthma_cr1,Total healthy years lived by 2030,60441956.18,60455495.63000001,13539.45000001043
HND,asthma_cr1,Total healthy years lived by 2035,114235167.41,114269145.23,33977.82000000775
HUN,asthma_cr1,Total deaths averted by 2030,741329.86,741329.8600000001,1.1641532182693481e-10
HUN,asthma_cr1,Total deaths averted by 2035,1381158.87,1381158.8699999996,-4.656612873077393e-10
HUN,asthma_cr1,Cases averted by 2030,2360980.23,2360980.23,0.0
HUN,asthma_cr1,Cases averted by 2035,4715285.050000001,4715285.05,-9.313225746154785e-10
HUN,asthma_cr1,Total healthy years lived by 2030,50602516.58,50607370.41,4853.829999998212
HUN,asthma_cr1,Total healthy years lived by 2035,92320626.91,92332420.0,11793.090000003576
ISL,asthma_cr1,Total deaths averted by 2030,15618.41,15618.409999999996,-3.637978807091713e-12
ISL,asthma_cr1,Total deaths averted by 2035,30369.82,30369.82,0.0
ISL,asthma_cr1,Cases averted by 2030,183490.07,183490.07,0.0
ISL,asthma_cr1,Cases averted by 2035,352071.62,352071.62,0.0
ISL,asthma_cr1,Total healthy years lived by 2030,2022752.6500000001,2023127.79,375.13999999989755
ISL,asthma_cr1,Total healthy years lived by 2035,3752618.04,3753497.3199999994,879.2799999993294
IND,asthma_cr1,Total deaths averted by 2030,60213948.760000005,60213948.76,-7.450580596923828e-09
IND,asthma_cr1,Total deaths averted by 2035,115789986.99999999,115789986.99999999,0.0
IND,asthma_cr1,Cases averted by 2030,270354121.07,270354121.07,0.0
IND,asthma_cr1,Cases averted by 2035,547660215.4399999,547660215.44,1.1920928955078125e-07
IND,asthma_cr1,Total healthy years lived by 2030,7634745680.989999,7635641937.84,896256.8500013351
IND,asthma_cr1,Total healthy years lived by 2035,14232179939.650003,14234387072.930002,2207133.2799987793
IDN,asthma_cr1,Total deaths averted by 2030,13451388.51,13451388.509999996,-3.725290298461914e-09
IDN,asthma_cr1,Total deaths averted by 2035,26091730.810000002,26091730.810000002,0.0
IDN,asthma_cr1,Cases averted by 2030,71243014.55,71243014.55,0.0
IDN,asthma_cr1,Cases averted by 2035,144900953.5,144900953.5,0.0
IDN,asthma_cr1,Total healthy years lived by 2030,1499612171.9899998,1499865765.7,253593.71000027657
IDN,asthma_cr1,Total healthy years lived by 2035,2789794106.17,2790419918.58,625812.4099998474
IRN,asthma_cr1,Total deaths averted by 2030,2927217.9499999997,2927217.9499999997,0.0
IRN,asthma_cr1,Total deaths averted by 2035,5778272.4799999995,5778272.4799999995,0.0
IRN,asthma_cr1,Cases averted by 2030,21884237.58,21884237.58,0.0
IRN,asthma_cr1,Cases averted by 2035,44700471.720000006,44700471.72,-7.450580596923828e-09
IRN,asthma_cr1,Total healthy years lived by 2030,474481404.15000004,474572268.89,90864.73999994993
IRN,asthma_cr1,Total healthy years lived by 2035,878908180.8699999,879132550.06,224369.19000005722
IRQ,asthma_cr1,Total deaths averted by 2030,1266041.15,1266041.15,0.0
IRQ,asthma_cr1,Total deaths averted by 2035,2499726.1400000006,2499726.1399999997,-9.313225746154785e-10
IRQ,asthma_cr1,Cases averted by 2030,13408166.790000001,13408166.79,-1.862645149230957e-09
IRQ,asthma_cr1,Cases averted by 2035,28289584.950000003,28289584.950000003,0.0
IRQ,asthma_cr1,Total healthy years lived by 2030,264430400.92,264489139.02,58738.10000002384
IRQ,asthma_cr1,Total healthy years lived by 2035,507769793.3,507919538.11999995,149744.81999993324
IRL,asthma_cr1,Total deaths averted by 2030,209093.93,209093.93,0.0
IRL,asthma_cr1,Total deaths averted by 2035,409622.91000000003,409622.91,-5.820766091346741e-11
IRL,asthma_cr1,Cases averted by 2030,2249808.36,2249808.3600000003,4.656612873077393e-10
IRL,asthma_cr1,Cases averted by 2035,4225053.970000001,4225053.970000001,0.0
IRL,asthma_cr1,Total healthy years lived by 2030,27281647.39,27286194.039999995,4546.649999994785
IRL,asthma_cr1,Total healthy years lived by 2035,50724284.21,50734724.37,10440.159999996424
ISR,asthma_cr1,Total deaths averted by 2030,297202.6,297202.60000000003,5.820766091346741e-11
ISR,asthma_cr1,Total deaths averted by 2035,577703.2299999999,577703.2300000001,2.3283064365386963e-10
ISR,asthma_cr1,Cases averted by 2030,3123697.1399999997,3123697.1399999997,0.0
ISR,asthma_cr1,Cases averted by 2035,6075244.079999999,6075244.08,9.313225746154785e-10
ISR,asthma_cr1,Total healthy years lived by 2030,52176497.3,52183010.65,6513.35000000149
ISR,asthma_cr1,Total healthy years lived by 2035,99115030.55,99130519.84999998,15489.299999982119
ITA,asthma_cr1,Total deaths averted by 2030,3771246.77,3771246.7699999996,-4.656612873077393e-10
ITA,asthma_cr1,Total deaths averted by 2035,7084388.170000001,7084388.17,-9.313225746154785e-10
ITA,asthma_cr1,Cases averted by 2030,16228832.63,16228832.63,0.0
ITA,asthma_cr1,Cases averted by 2035,30793321.110000007,30793321.11,-7.450580596923828e-09
ITA,asthma_cr1,Total healthy years lived by 2030,297668310.17,297700703.85,32393.680000007153
ITA,asthma_cr1,Total healthy years lived by 2035,539307328.03,539382374.63,75046.60000002384
JAM,asthma_cr1,Total deaths averted by 2030,135124.93999999997,135124.94,2.9103830456733704e-11
JAM,asthma_cr1,Total deaths averted by 2035,259778.84000000003,259778.84,-2.9103830456733704e-11
JAM,asthma_cr1,Cases averted by 2030,1011044.9199999999,1011044.9199999999,0.0
JAM,asthma_cr1,Cases averted by 2035,2012785.24,2012785.2400000002,2.3283064365386963e-10
JAM,asthma_cr1,Total healthy years lived by 2030,14368699.580000002,14372555.86,3856.279999997467
JAM,asthma_cr1,Total healthy years lived by 2035,26278809.339999996,26288117.64,9308.30000000447
JPN,asthma_cr1,Total deaths averted by 2030,9350053.2,9350053.2,0.0
JPN,asthma_cr1,Total deaths averted by 2035,17407645.470000003,17407645.47,-3.725290298461914e-09
JPN,asthma_cr1,Cases averted by 2030,33983897.39,33983897.39,0.0
JPN,asthma_cr1,Cases averted by 2035,66060643.57,66060643.57000001,7.450580596923828e-09
JPN,asthma_cr1,Total healthy years lived by 2030,628791165.52,628908730.54,117565.01999998093
JPN,asthma_cr1,Total healthy years lived by 2035,1134524994.9500003,1134803789.24,278794.28999972343
JOR,asthma_cr1,Total deaths averted by 2030,241715.65999999995,241715.65999999995,0.0
JOR,asthma_cr1,Total deaths averted by 2035,489225.33,489225.3300000001,5.820766091346741e-11
JOR,asthma_cr1,Cases averted by 2030,3612371.2799999993,3612371.2800000003,9.313225746154785e-10
JOR,asthma_cr1,Cases averted by 2035,7552947.07,7552947.069999999,-9.313225746154785e-10
JOR,asthma_cr1,Total healthy years lived by 2030,63287891.25,63303439.66,15548.409999996424
JOR,asthma_cr1,Total healthy years lived by 2035,120878081.02,120917398.73,39317.710000008345
KAZ,asthma_cr1,Total deaths averted by 2030,975621.8700000001,975621.8699999999,-2.3283064365386963e-10
KAZ,asthma_cr1,Total deaths averted by 2035,1876301.4100000001,1876301.41,-2.3283064365386963e-10
KAZ,asthma_cr1,Cases averted by 2030,2602922.3100000005,2602922.31,-4.656612873077393e-10
KAZ,asthma_cr1,Cases averted by 2035,5436511.610000001,5436511.610000001,0.0
KAZ,asthma_cr1,Total healthy years lived by 2030,108079504.18,108089029.97999999,9525.799999982119
KAZ,asthma_cr1,Total healthy years lived by 2035,202522243.67999998,202546301.83999997,24058.159999996424
KEN,asthma_cr1,Total deaths averted by 2030,2455989.64,2455989.64,0.0
KEN,asthma_cr1,Total deaths averted by 2035,4712878.23,4712878.23,0.0
KEN,asthma_cr1,Cases averted by 2030,13142254.09,13142254.090000002,1.862645149230957e-09
KEN,asthma_cr1,Cases averted by 2035,27954150.72,27954150.719999995,-3.725290298461914e-09
KEN,asthma_cr1,Total healthy years lived by 2030,311419688.22,311495349.27,75661.04999995232
KEN,asthma_cr1,Total healthy years lived by 2035,596194449.6300001,596388667.7900001,194218.15999996662
PRK,asthma_cr1,Total deaths averted by 2030,1550145.7299999997,1550145.73,2.3283064365386963e-10
PRK,asthma_cr1,Total deaths averted by 2035,2946995.75,2946995.75,0.0
PRK,asthma_cr1,Cases averted by 2030,7525974.159999999,7525974.159999999,0.0
PRK,asthma_cr1,Cases averted by 2035,15019969.71,15019969.709999999,-1.862645149230957e-09
PRK,asthma_cr1,Total healthy years lived by 2030,140738024.76,140764613.27999997,26588.519999980927
PRK,asthma_cr1,Total healthy years lived by 2035,258489514.70000002,258554093.8,64579.09999999404
KOR,asthma_cr1,Total deaths averted by 2030,2397647.5799999996,2397647.58,4.656612873077393e-10
KOR,asthma_cr1,Total deaths averted by 2035,4751752.18,4751752.179999999,-9.313225746154785e-10
KOR,asthma_cr1,Cases averted by 2030,13394629.240000002,13394629.239999998,-3.725290298461914e-09
KOR,asthma_cr1,Cases averted by 2035,26276162.57,26276162.569999997,-3.725290298461914e-09
KOR,asthma_cr1,Total healthy years lived by 2030,272463231.59999996,272509508.39,46276.79000002146
KOR,asthma_cr1,Total healthy years lived by 2035,495768016.47,495878681.86,110665.3899999857
KWT,asthma_cr1,Total deaths averted by 2030,85968.18000000001,85968.18000000001,0.0
KWT,asthma_cr1,Total deaths averted by 2035,180103.37,180103.37,0.0
KWT,asthma_cr1,Cases averted by 2030,1226505.33,1226505.33,0.0
KWT,asthma_cr1,Cases averted by 2035,2408774.69,2408774.69,0.0
KWT,asthma_cr1,Total healthy years lived by 2030,22214532.380000003,22219560.14,5027.759999997914
KWT,asthma_cr1,Total healthy years lived by 2035,40143310.39,40155265.41,11955.019999995828
KGZ,asthma_cr1,Total deaths averted by 2030,228020.20000000004,228020.2,-2.9103830456733704e-11
KGZ,asthma_cr1,Total deaths averted by 2035,446960.74999999994,446960.75000000006,1.1641532182693481e-10
KGZ,asthma_cr1,Cases averted by 2030,1342906.9100000001,1342906.9100000001,0.0
KGZ,asthma_cr1,Cases averted by 2035,2799201.2900000005,2799201.2899999996,-9.313225746154785e-10
KGZ,asthma_cr1,Total healthy years lived by 2030,38136431.35000001,38141389.64,4958.289999991655
KGZ,asthma_cr1,Total healthy years lived by 2035,71972969.37,71985461.11,12491.739999994636
LAO,asthma_cr1,Total deaths averted by 2030,290795.7199999999,290795.72,5.820766091346741e-11
LAO,asthma_cr1,Total deaths averted by 2035,557471.4900000001,557471.49,-1.1641532182693481e-10
LAO,asthma_cr1,Cases averted by 2030,1276365.9,1276365.9000000001,2.3283064365386963e-10
LAO,asthma_cr1,Cases averted by 2035,2655465.94,2655465.94,0.0
LAO,asthma_cr1,Total healthy years lived by 2030,42746932.41,42751603.8,4671.390000000596
LAO,asthma_cr1,Total healthy years lived by 2035,80388576.24,80400328.42999999,11752.189999997616
LVA,asthma_cr1,Total deaths averted by 2030,160762.13,160762.13000000003,2.9103830456733704e-11
LVA,asthma_cr1,Total deaths averted by 2035,288555.34,288555.34,0.0
LVA,asthma_cr1,Cases averted by 2030,403297.93,403297.93,0.0
LVA,asthma_cr1,Cases averted by 2035,782648.1100000001,782648.1099999999,-2.3283064365386963e-10
LVA,asthma_cr1,Total healthy years lived by 2030,8875359.05,8876181.44,822.3899999987334
LVA,asthma_cr1,Total healthy years lived by 2035,15820966.09,15822907.78,1941.6899999994785
LBN,asthma_cr1,Total deaths averted by 2030,174192.63,174192.63000000003,2.9103830456733704e-11
LBN,asthma_cr1,Total deaths averted by 2035,325105.62,325105.62,0.0
LBN,asthma_cr1,Cases averted by 2030,1621825.19,1621825.19,0.0
LBN,asthma_cr1,Cases averted by 2035,3103538.6199999996,3103538.62,4.656612873077393e-10
LBN,asthma_cr1,Total healthy years lived by 2030,25822738.320000004,25829407.5,6669.179999995977
LBN,asthma_cr1,Total healthy years lived by 2035,45694731.57,45710213.839999996,15482.269999995828
LSO,asthma_cr1,Total deaths averted by 2030,179195.1,179195.1,0.0
LSO,asthma_cr1,Total deaths averted by 2035,335353.89,335353.89,0.0
LSO,asthma_cr1,Cases averted by 2030,248690.25,248690.25,0.0
LSO,asthma_cr1,Cases averted by 2035,521072.35,521072.35,0.0
LSO,asthma_cr1,Total healthy years lived by 2030,12685325.66,12686720.82,1395.160000000149
LSO,asthma_cr1,Total healthy years lived by 2035,23841600.910000004,23845136.89,3535.9799999967217
LBR,asthma_cr1,Total deaths averted by 2030,270820.48,270820.48,0.0
LBR,asthma_cr1,Total deaths averted by 2035,511588.21,511588.21,0.0
LBR,asthma_cr1,Cases averted by 2030,1149653.06,1149653.06,0.0
LBR,asthma_cr1,Cases averted by 2035,2454452.1199999996,2454452.12,4.656612873077393e-10
LBR,asthma_cr1,Total healthy years lived by 2030,30718768.64,30725379.83,6611.189999997616
LBR,asthma_cr1,Total healthy years lived by 2035,58980396.83,58997419.129999995,17022.29999999702
LBY,asthma_cr1,Total deaths averted by 2030,238519.43,238519.43,0.0
LBY,asthma_cr1,Total deaths averted by 2035,464890.89,464890.89,0.0
LBY,asthma_cr1,Cases averted by 2030,0.0,0.0,0.0
LBY,asthma_cr1,Cases averted by 2035,0.0,0.0,0.0
LBY,asthma_cr1,Total healthy years lived by 2030,37788652.519999996,37788652.52,7.450580596923828e-09
LBY,asthma_cr1,Total healthy years lived by 2035,70792955.08,70792955.08,0.0
LTU,asthma_cr1,Total deaths averted by 2030,220830.51,220830.51,0.0
LTU,asthma_cr1,Total deaths averted by 2035,398978.5,398978.49999999994,-5.820766091346741e-11
LTU,asthma_cr1,Cases averted by 2030,510945.49,510945.49,0.0
LTU,asthma_cr1,Cases averted by 2035,1001798.7199999999,1001798.72,1.1641532182693481e-10
LTU,asthma_cr1,Total healthy years lived by 2030,13278794.86,13279845.76,1050.9000000003725
LTU,asthma_cr1,Total healthy years lived by 2035,23731630.200000003,23734135.130000003,2504.929999999702
LUX,asthma_cr1,Total deaths averted by 2030,29696.339999999997,29696.340000000004,7.275957614183426e-12
LUX,asthma_cr1,Total deaths averted by 2035,58766.240000000005,58766.24,-7.275957614183426e-12
LUX,asthma_cr1,Cases averted by 2030,305115.97,305115.97,0.0
LUX,asthma_cr1,Cases averted by 2035,581915.24,581915.24,0.0
LUX,asthma_cr1,Total healthy years lived by 2030,3595150.3400000003,3595758.4000000004,608.0600000000559
LUX,asthma_cr1,Total healthy years lived by 2035,6788114.849999999,6789533.449999999,1418.6000000005588
MKD,asthma_cr1,Total deaths averted by 2030,114142.04000000001,114142.04,-1.4551915228366852e-11
MKD,asthma_cr1,Total deaths averted by 2035,220014.38999999998,220014.39,2.9103830456733704e-11
MKD,asthma_cr1,Cases averted by 2030,866294.91,866294.9099999999,-1.1641532182693481e-10
MKD,asthma_cr1,Cases averted by 2035,1708606.7899999998,1708606.79,2.3283064365386963e-10
MKD,asthma_cr1,Total healthy years lived by 2030,10728759.629999999,10730488.1,1728.4700000006706
MKD,asthma_cr1,Total healthy years lived by 2035,19567425.630000003,19571577.12,4151.489999998361
MDG,asthma_cr1,Total deaths averted by 2030,1179995.3,1179995.3,0.0
MDG,asthma_cr1,Total deaths averted by 2035,2271194.27,2271194.27,0.0
MDG,asthma_cr1,Cases averted by 2030,15434030.629999999,15434030.629999999,0.0
MDG,asthma_cr1,Cases averted by 2035,31930916.980000004,31930916.98,-3.725290298461914e-09
MDG,asthma_cr1,Total healthy years lived by 2030,173730118.85,173816792.1,86673.25
MDG,asthma_cr1,Total healthy years lived by 2035,335774569.60999995,335992195.96,217626.35000002384
MWI,asthma_cr1,Total deaths averted by 2030,789433.92,789433.92,0.0
MWI,asthma_cr1,Total deaths averted by 2035,1512895.47,1512895.4699999997,-2.3283064365386963e-10
MWI,asthma_cr1,Cases averted by 2030,6993145.96,6993145.960000001,9.313225746154785e-10
MWI,asthma_cr1,Cases averted by 2035,15010132.75,15010132.75,0.0
MWI,asthma_cr1,Total healthy years lived by 2030,122225571.18,122266064.8,40493.61999998987
MWI,asthma_cr1,Total healthy years lived by 2035,237754904.2,237859767.88,104863.68000000715
MYS,asthma_cr1,Total deaths averted by 2030,1235095.94,1235095.94,0.0
MYS,asthma_cr1,Total deaths averted by 2035,2430421.6799999997,2430421.68,4.656612873077393e-10
MYS,asthma_cr1,Cases averted by 2030,6797193.11,6797193.109999999,-9.313225746154785e-10
MYS,asthma_cr1,Cases averted by 2035,14043680.610000001,14043680.610000001,0.0
MYS,asthma_cr1,Total healthy years lived by 2030,187042243.45999998,187066725.12,24481.660000026226
MYS,asthma_cr1,Total healthy years lived by 2035,349443055.56,349504282.63,61227.06999999285
MDV,asthma_cr1,Total deaths averted by 2030,9378.769999999999,9378.77,1.8189894035458565e-12
MDV,asthma_cr1,Total deaths averted by 2035,18819.979999999996,18819.98,3.637978807091713e-12
MDV,asthma_cr1,Cases averted by 2030,88877.68000000001,88877.68,-1.4551915228366852e-11
MDV,asthma_cr1,Cases averted by 2035,183339.43999999997,183339.43999999997,0.0
MDV,asthma_cr1,Total healthy years lived by 2030,2785360.21,2785682.1300000004,321.92000000039116
MDV,asthma_cr1,Total healthy years lived by 2035,5208974.4,5209776.329999999,801.9299999987707
MLI,asthma_cr1,Total deaths averted by 2030,1232314.37,1232314.37,0.0
MLI,asthma_cr1,Total deaths averted by 2035,2359287.9800000004,2359287.98,-4.656612873077393e-10
MLI,asthma_cr1,Cases averted by 2030,4672409.74,4672409.74,0.0
MLI,asthma_cr1,Cases averted by 2035,10265680.14,10265680.14,0.0
MLI,asthma_cr1,Total healthy years lived by 2030,138875646.86,138902886.68,27239.819999992847
MLI,asthma_cr1,Total healthy years lived by 2035,274094611.56,274166696.12,72084.56000000238
MLT,asthma_cr1,Total deaths averted by 2030,26961.08,26961.08,0.0
MLT,asthma_cr1,Total deaths averted by 2035,55415.16,55415.16000000001,7.275957614183426e-12
MLT,asthma_cr1,Cases averted by 2030,273401.72,273401.72,0.0
MLT,asthma_cr1,Cases averted by 2035,531992.1699999999,531992.1699999999,0.0
MLT,asthma_cr1,Total healthy years lived by 2030,2938305.0999999996,2938843.46,538.3600000003353
MLT,asthma_cr1,Total healthy years lived by 2035,5644423.679999999,5645704.94,1281.2600000016391
MRT,asthma_cr1,Total deaths averted by 2030,187587.21,187587.21,0.0
MRT,asthma_cr1,Total deaths averted by 2035,358247.95,358247.95,0.0
MRT,asthma_cr1,Cases averted by 2030,1798810.78,1798810.78,0.0
MRT,asthma_cr1,Cases averted by 2035,3809598.0300000003,3809598.03,-4.656612873077393e-10
MRT,asthma_cr1,Total healthy years lived by 2030,28172416.569999997,28182545.2,10128.630000002682
MRT,asthma_cr1,Total healthy years lived by 2035,54788843.14,54814814.69,25971.54999999702
MUS,asthma_cr1,Total deaths averted by 2030,74370.06,74370.06,0.0
MUS,asthma_cr1,Total deaths averted by 2035,143089.69000000003,143089.68999999997,-5.820766091346741e-11
MUS,asthma_cr1,Cases averted by 2030,254654.34999999998,254654.34999999998,0.0
MUS,asthma_cr1,Cases averted by 2035,512659.69,512659.69,0.0
MUS,asthma_cr1,Total healthy years lived by 2030,6472474.140000001,6473813.92,1339.7799999993294
MUS,asthma_cr1,Total healthy years lived by 2035,11817130.95,11820404.56,3273.6100000012666
MEX,asthma_cr1,Total deaths averted by 2030,5304460.819999999,5304460.819999998,-9.313225746154785e-10
MEX,asthma_cr1,Total deaths averted by 2035,10116745.73,10116745.729999999,-1.862645149230957e-09
MEX,asthma_cr1,Cases averted by 2030,26448851.73,26448851.73,0.0
MEX,asthma_cr1,Cases averted by 2035,54359263.55,54359263.550000004,7.450580596923828e-09
MEX,asthma_cr1,Total healthy years lived by 2030,699081805.98,699187867.3,106061.31999993324
MEX,asthma_cr1,Total healthy years lived by 2035,1298719513.7499998,1298982968.47,263454.720000267
MDA,asthma_cr1,Total deaths averted by 2030,230870.06,230870.06,0.0
MDA,asthma_cr1,Total deaths averted by 2035,426987.81,426987.80999999994,-5.820766091346741e-11
MDA,asthma_cr1,Cases averted by 2030,649594.47,649594.47,0.0
MDA,asthma_cr1,Cases averted by 2035,1293857.79,1293857.7899999998,-2.3283064365386963e-10
MDA,asthma_cr1,Total healthy years lived by 2030,16863434.81,16864809.21,1374.4000000022352
MDA,asthma_cr1,Total healthy years lived by 2035,30501915.239999995,30505239.759999998,3324.5200000032783
MNG,asthma_cr1,Total deaths averted by 2030,119925.64,119925.63999999998,-1.4551915228366852e-11
MNG,asthma_cr1,Total deaths averted by 2035,232603.47000000006,232603.47000000003,-2.9103830456733704e-11
MNG,asthma_cr1,Cases averted by 2030,589152.09,589152.0900000001,1.1641532182693481e-10
MNG,asthma_cr1,Cases averted by 2035,1229534.34,1229534.3399999999,-2.3283064365386963e-10
MNG,asthma_cr1,Total healthy years lived by 2030,19279354.36,19281508.57,2154.210000000894
MNG,asthma_cr1,Total healthy years lived by 2035,36212595.34,36218020.85,5425.509999997914
MNE,asthma_cr1,Total deaths averted by 2030,39117.780000000006,39117.78,-7.275957614183426e-12
MNE,asthma_cr1,Total deaths averted by 2035,73057.65,73057.65,0.0
MNE,asthma_cr1,Cases averted by 2030,166800.47,166800.47,0.0
MNE,asthma_cr1,Cases averted by 2035,332520.49,332520.49,0.0
MNE,asthma_cr1,Total healthy years lived by 2030,3227714.77,3228059.64,344.87000000011176
MNE,asthma_cr1,Total healthy years lived by 2035,5898493.640000001,5899329.550000001,835.910000000149
MAR,asthma_cr1,Total deaths averted by 2030,1413215.9299999997,1413215.93,2.3283064365386963e-10
MAR,asthma_cr1,Total deaths averted by 2035,2747513.9400000004,2747513.9400000004,0.0
MAR,asthma_cr1,Cases averted by 2030,8558678.98,8558678.98,0.0
MAR,asthma_cr1,Cases averted by 2035,17618850.04,17618850.040000003,3.725290298461914e-09
MAR,asthma_cr1,Total healthy years lived by 2030,204466107.85999998,204502159.24,36051.380000025034
MAR,asthma_cr1,Total healthy years lived by 2035,381146077.5,381235868.42999995,89790.92999994755
MOZ,asthma_cr1,Total deaths averted by 2030,1530209.0000000002,1530209.0000000002,0.0
MOZ,asthma_cr1,Total deaths averted by 2035,2906290.48,2906290.4800000004,4.656612873077393e-10
MOZ,asthma_cr1,Cases averted by 2030,12815386.22,12815386.219999999,-1.862645149230957e-09
MOZ,asthma_cr1,Cases averted by 2035,27345592.319999997,27345592.320000004,7.450580596923828e-09
MOZ,asthma_cr1,Total healthy years lived by 2030,198971974.32999998,199045801.68000004,73827.35000005364
MOZ,asthma_cr1,Total healthy years lived by 2035,388297982.96000004,388488372.28999996,190389.3299999237
MMR,asthma_cr1,Total deaths averted by 2030,3049123.27,3049123.2700000005,4.656612873077393e-10
MMR,asthma_cr1,Total deaths averted by 2035,5843587.599999999,5843587.600000001,1.862645149230957e-09
MMR,asthma_cr1,Cases averted by 2030,8394180.09,8394180.09,0.0
MMR,asthma_cr1,Cases averted by 2035,17202184.200000003,17202184.2,-3.725290298461914e-09
MMR,asthma_cr1,Total healthy years lived by 2030,293662876.19,293692690.35,29814.160000026226
MMR,asthma_cr1,Total healthy years lived by 2035,544393883.9499999,544467919.0,74035.05000007153
NAM,asthma_cr1,Total deaths averted by 2030,128454.49999999999,128454.49999999999,0.0
NAM,asthma_cr1,Total deaths averted by 2035,245387.04,245387.04000000007,5.820766091346741e-11
NAM,asthma_cr1,Cases averted by 2030,429162.33999999997,429162.34,5.820766091346741e-11
NAM,asthma_cr1,Cases averted by 2035,906412.21,906412.21,0.0
NAM,asthma_cr1,Total healthy years lived by 2030,14522330.669999998,14524753.719999999,2423.050000000745
NAM,asthma_cr1,Total healthy years lived by 2035,27570475.279999997,27576659.07,6183.790000002831
NPL,asthma_cr1,Total deaths averted by 2030,1294497.6400000001,1294497.6400000001,0.0
NPL,asthma_cr1,Total deaths averted by 2035,2499255.84,2499255.8400000003,4.656612873077393e-10
NPL,asthma_cr1,Cases averted by 2030,2407749.5100000002,2407749.51,-4.656612873077393e-10
NPL,asthma_cr1,Cases averted by 2035,5136457.29,5136457.289999999,-9.313225746154785e-10
NPL,asthma_cr1,Total healthy years lived by 2030,173229262.22000003,173237505.24,8243.019999980927
NPL,asthma_cr1,Total healthy years lived by 2035,333884261.39,333905594.28000003,21332.8900000453
NLD,asthma_cr1,Total deaths averted by 2030,984710.45,984710.45,0.0
NLD,asthma_cr1,Total deaths averted by 2035,1911239.0400000003,1911239.0400000003,0.0
NLD,asthma_cr1,Cases averted by 2030,7971737.079999999,7971737.079999999,0.0
NLD,asthma_cr1,Cases averted by 2035,14320849.48,14320849.48,0.0
NLD,asthma_cr1,Total healthy years lived by 2030,92848325.11,92863719.24,15394.129999995232
NLD,asthma_cr1,Total healthy years lived by 2035,171563807.36000004,171597676.4,33869.03999996185
NZL,asthma_cr1,Total deaths averted by 2030,228178.93,228178.93,0.0
NZL,asthma_cr1,Total deaths averted by 2035,453201.28,453201.2800000001,5.820766091346741e-11
NZL,asthma_cr1,Cases averted by 2030,2114096.06,2114096.06,0.0
NZL,asthma_cr1,Cases averted by 2035,4135439.5100000002,4135439.51,-4.656612873077393e-10
NZL,asthma_cr1,Total healthy years lived by 2030,28632194.63,28638010.83,5816.199999999255
NZL,asthma_cr1,Total healthy years lived by 2035,53883648.550000004,53897543.029999994,13894.479999989271
NIC,asthma_cr1,Total deaths averted by 2030,209583.64,209583.63999999998,-2.9103830456733704e-11
NIC,asthma_cr1,Total deaths averted by 2035,407335.12,407335.1199999999,-1.1641532182693481e-10
NIC,asthma_cr1,Cases averted by 2030,2179181.48,2179181.48,0.0
NIC,asthma_cr1,Cases averted by 2035,4504229.96,4504229.96,0.0
NIC,asthma_cr1,Total healthy years lived by 2030,39734927.16,39743711.879999995,8784.719999998808
NIC,asthma_cr1,Total healthy years lived by 2035,74690506.42,74712446.05,21939.62999999523
NER,asthma_cr1,Total deaths averted by 2030,1229936.9800000002,1229936.9800000002,0.0
NER,asthma_cr1,Total deaths averted by 2035,2365474.1100000003,2365474.11,-4.656612873077393e-10
NER,asthma_cr1,Cases averted by 2030,7068958.740000001,7068958.74,-9.313225746154785e-10
NER,asthma_cr1,Cases averted by 2035,15739809.499999998,15739809.5,1.862645149230957e-09
NER,asthma_cr1,Total healthy years lived by 2030,166926413.84,166967814.54,41400.69999998808
NER,asthma_cr1,Total healthy years lived by 2035,335187914.13,335298993.04,111078.91000002623
NGA,asthma_cr1,Total deaths averted by 2030,16926891.49,16926891.490000002,3.725290298461914e-09
NGA,asthma_cr1,Total deaths averted by 2035,31999156.01,31999156.009999998,-3.725290298461914e-09
NGA,asthma_cr1,Cases averted by 2030,68731525.98,68731525.98,0.0
NGA,asthma_cr1,Cases averted by 2035,146987836.18,146987836.17999998,-2.9802322387695312e-08
NGA,asthma_cr1,Total healthy years lived by 2030,1280895506.77,1281289375.06,393868.28999996185
NGA,asthma_cr1,Total healthy years lived by 2035,2478607830.26,2479625270.5900006,1017440.3300004005
NOR,asthma_cr1,Total deaths averted by 2030,261394.65999999997,261394.66,2.9103830456733704e-11
NOR,asthma_cr1,Total deaths averted by 2035,508430.92000000004,508430.92,-5.820766091346741e-11
NOR,asthma_cr1,Cases averted by 2030,2473277.32,2473277.32,0.0
NOR,asthma_cr1,Cases averted by 2035,4691448.78,4691448.779999999,-9.313225746154785e-10
NOR,asthma_cr1,Total healthy years lived by 2030,29144982.28,29149984.78,5002.5
NOR,asthma_cr1,Total healthy years lived by 2035,53764011.93,53775613.910000004,11601.980000004172
OMN,asthma_cr1,Total deaths averted by 2030,60899.72000000001,60899.72,-7.275957614183426e-12
OMN,asthma_cr1,Total deaths averted by 2035,123287.2,123287.2,0.0
OMN,asthma_cr1,Cases averted by 2030,1412545.04,1412545.04,0.0
OMN,asthma_cr1,Cases averted by 2035,2872513.05,2872513.0500000003,4.656612873077393e-10
OMN,asthma_cr1,Total healthy years lived by 2030,25617739.07,25623745.150000002,6006.080000001937
OMN,asthma_cr1,Total healthy years lived by 2035,47567924.39,47582687.989999995,14763.59999999404
PAK,asthma_cr1,Total deaths averted by 2030,10058843.42,10058843.420000002,1.862645149230957e-09
PAK,asthma_cr1,Total deaths averted by 2035,19294981.460000005,19294981.459999997,-7.450580596923828e-09
PAK,asthma_cr1,Cases averted by 2030,28813982.509999994,28813982.510000005,1.1175870895385742e-08
PAK,asthma_cr1,Cases averted by 2035,60461274.67,60461274.67,0.0
PAK,asthma_cr1,Total healthy years lived by 2030,1365156372.98,1365258035.18,101662.20000004768
PAK,asthma_cr1,Total healthy years lived by 2035,2604701483.27,2604960106.1899996,258622.91999959946
PAN,asthma_cr1,Total deaths averted by 2030,152334.71000000002,152334.71000000002,0.0
PAN,asthma_cr1,Total deaths averted by 2035,296647.46,296647.45999999996,-5.820766091346741e-11
PAN,asthma_cr1,Cases averted by 2030,1515692.4899999998,1515692.4900000002,4.656612873077393e-10
PAN,asthma_cr1,Cases averted by 2035,3128027.66,3128027.6599999997,-4.656612873077393e-10
PAN,asthma_cr1,Total healthy years lived by 2030,24906003.92,24912064.71,6060.789999999106
PAN,asthma_cr1,Total healthy years lived by 2035,46885204.07,46900337.510000005,15133.440000005066
PNG,asthma_cr1,Total deaths averted by 2030,443677.77999999997,443677.78,5.820766091346741e-11
PNG,asthma_cr1,Total deaths averted by 2035,868989.6600000001,868989.6600000001,0.0
PNG,asthma_cr1,Cases averted by 2030,3534478.06,3534478.0600000005,4.656612873077393e-10
PNG,asthma_cr1,Cases averted by 2035,7392178.199999999,7392178.199999999,0.0
PNG,asthma_cr1,Total healthy years lived by 2030,58100476.37,58113038.11999999,12561.74999999255
PNG,asthma_cr1,Total healthy years lived by 2035,110839533.02000001,110871341.35,31808.32999998331
PRY,asthma_cr1,Total deaths averted by 2030,246043.66999999998,246043.66999999998,0.0
PRY,asthma_cr1,Total deaths averted by 2035,477450.67999999993,477450.68,5.820766091346741e-11
PRY,asthma_cr1,Cases averted by 2030,2982020.2600000002,2982020.2600000002,0.0
PRY,asthma_cr1,Cases averted by 2035,6150518.199999999,6150518.199999999,0.0
PRY,asthma_cr1,Total healthy years lived by 2030,38082661.480000004,38094596.58,11935.09999999404
PRY,asthma_cr1,Total healthy years lived by 2035,71562733.76,71592488.86000001,29755.10000000894
PHL,asthma_cr1,Total deaths averted by 2030,4344363.92,4344363.92,0.0
PHL,asthma_cr1,Total deaths averted by 2035,8530201.34,8530201.34,0.0
PHL,asthma_cr1,Cases averted by 2030,43040753.33,43040753.33,0.0
PHL,asthma_cr1,Cases averted by 2035,89116657.72999999,89116657.72999999,0.0
PHL,asthma_cr1,Total healthy years lived by 2030,658715081.5799999,658873320.47,158238.8900001049
PHL,asthma_cr1,Total healthy years lived by 2035,1245109525.83,1245506374.73,396848.90000009537
POL,asthma_cr1,Total deaths averted by 2030,2468903.65,2468903.6500000004,4.656612873077393e-10
POL,asthma_cr1,Total deaths averted by 2035,4651034.09,4651034.089999999,-9.313225746154785e-10
POL,asthma_cr1,Cases averted by 2030,16172554.98,16172554.979999999,-1.862645149230957e-09
POL,asthma_cr1,Cases averted by 2035,31941888.84,31941888.840000004,3.725290298461914e-09
POL,asthma_cr1,Total healthy years lived by 2030,203527397.32000002,203560237.8,32840.47999998927
POL,asthma_cr1,Total healthy years lived by 2035,370327609.69,370406557.22,78947.530000031
PRT,asthma_cr1,Total deaths averted by 2030,669466.3400000001,669466.34,-1.1641532182693481e-10
PRT,asthma_cr1,Total deaths averted by 2035,1261656.4100000001,1261656.41,-2.3283064365386963e-10
PRT,asthma_cr1,Cases averted by 2030,6374484.85,6374484.85,0.0
PRT,asthma_cr1,Cases averted by 2035,11621056.74,11621056.740000002,1.862645149230957e-09
PRT,asthma_cr1,Total healthy years lived by 2030,52319827.5,52332168.34,12340.840000003576
PRT,asthma_cr1,Total healthy years lived by 2035,95506289.25,95533841.66,27552.409999996424
QAT,asthma_cr1,Total deaths averted by 2030,20513.03,20513.03,0.0
QAT,asthma_cr1,Total deaths averted by 2035,43844.17999999999,43844.17999999999,0.0
QAT,asthma_cr1,Cases averted by 2030,605076.43,605076.4299999999,-1.1641532182693481e-10
QAT,asthma_cr1,Cases averted by 2035,1195948.93,1195948.93,0.0
QAT,asthma_cr1,Total healthy years lived by 2030,14150779.36,14153295.61,2516.25
QAT,asthma_cr1,Total healthy years lived by 2035,25415310.27,25421326.220000003,6015.95000000298
ROU,asthma_cr1,Total deaths averted by 2030,1353721.0100000002,1353721.0100000002,0.0
ROU,asthma_cr1,Total deaths averted by 2035,2510121.659999999,2510121.66,9.313225746154785e-10
ROU,asthma_cr1,Cases averted by 2030,6015400.529999999,6015400.529999999,0.0
ROU,asthma_cr1,Cases averted by 2035,11877396.999999998,11877397.000000002,3.725290298461914e-09
ROU,asthma_cr1,Total healthy years lived by 2030,99411725.45,99424005.48,12280.030000001192
ROU,asthma_cr1,Total healthy years lived by 2035,180672315.07999998,180701832.97999996,29517.899999976158
RUS,asthma_cr1,Total deaths averted by 2030,10331094.02,10331094.02,0.0
RUS,asthma_cr1,Total deaths averted by 2035,19306776.740000002,19306776.740000002,0.0
RUS,asthma_cr1,Cases averted by 2030,25701772.019999996,25701772.019999996,0.0
RUS,asthma_cr1,Cases averted by 2035,51596720.37,51596720.37,0.0
RUS,asthma_cr1,Total healthy years lived by 2030,736111735.7600001,736165634.7600001,53899.0
RUS,asthma_cr1,Total healthy years lived by 2035,1342840361.07,1342971620.11,131259.03999996185
RWA,asthma_cr1,Total deaths averted by 2030,511339.5,511339.50000000006,5.820766091346741e-11
RWA,asthma_cr1,Total deaths averted by 2035,984887.7000000003,984887.7,-3.4924596548080444e-10
RWA,asthma_cr1,Cases averted by 2030,8785708.389999999,8785708.389999999,0.0
RWA,asthma_cr1,Cases averted by 2035,18132087.930000003,18132087.93,-3.725290298461914e-09
RWA,asthma_cr1,Total healthy years lived by 2030,80302294.33000001,80351540.16,49245.82999998331
RWA,asthma_cr1,Total healthy years lived by 2035,154731432.45999998,154854793.60000002,123361.1400000453
WSM,asthma_cr1,Total deaths averted by 2030,7733.7,7733.7,0.0
WSM,asthma_cr1,Total deaths averted by 2035,14838.060000000001,14838.06,-1.8189894035458565e-12
WSM,asthma_cr1,Cases averted by 2030,56100.99,56100.99,0.0
WSM,asthma_cr1,Cases averted by 2035,118080.58000000002,118080.58000000002,0.0
WSM,asthma_cr1,Total healthy years lived by 2030,1261420.78,1261625.38,204.5999999998603
WSM,asthma_cr1,Total healthy years lived by 2035,2405502.2599999993,2406022.8600000003,520.6000000010245
STP,asthma_cr1,Total deaths averted by 2030,8599.09,8599.09,0.0
STP,asthma_cr1,Total deaths averted by 2035,16524.8,16524.8,0.0
STP,asthma_cr1,Cases averted by 2030,73839.65,73839.65,0.0
STP,asthma_cr1,Cases averted by 2035,153935.95,153935.94999999998,-2.9103830456733704e-11
STP,asthma_cr1,Total healthy years lived by 2030,1301652.5899999999,1302063.1800000002,410.59000000031665
STP,asthma_cr1,Total healthy years lived by 2035,2490574.15,2491611.6699999995,1037.519999999553
SAU,asthma_cr1,Total deaths averted by 2030,715375.8500000001,715375.85,-1.1641532182693481e-10
SAU,asthma_cr1,Total deaths averted by 2035,1458248.8399999999,1458248.84,2.3283064365386963e-10
SAU,asthma_cr1,Cases averted by 2030,7386895.96,7386895.960000001,9.313225746154785e-10
SAU,asthma_cr1,Cases averted by 2035,15202272.850000001,15202272.850000003,1.862645149230957e-09
SAU,asthma_cr1,Total healthy years lived by 2030,201769535.54999998,201801283.10000002,31747.550000041723
SAU,asthma_cr1,Total healthy years lived by 2035,374682609.40000004,374761480.87999994,78871.47999989986
SEN,asthma_cr1,Total deaths averted by 2030,517582.77999999997,517582.78,5.820766091346741e-11
SEN,asthma_cr1,Total deaths averted by 2035,983487.8999999999,983487.8999999999,0.0
SEN,asthma_cr1,Cases averted by 2030,3659422.2600000007,3659422.2600000007,0.0
SEN,asthma_cr1,Cases averted by 2035,7945477.600000001,7945477.600000001,0.0
SEN,asthma_cr1,Total healthy years lived by 2030,103219217.78,103240217.28,20999.5
SEN,asthma_cr1,Total healthy years lived by 2035,201008817.19999996,201063770.60999998,54953.410000026226
SRB,asthma_cr1,Total deaths averted by 2030,547110.7599999999,547110.76,1.1641532182693481e-10
SRB,asthma_cr1,Total deaths averted by 2035,1010758.84,1010758.8400000001,1.1641532182693481e-10
SRB,asthma_cr1,Cases averted by 2030,1533482.5,1533482.5,0.0
SRB,asthma_cr1,Cases averted by 2035,3039963.0800000005,3039963.08,-4.656612873077393e-10
SRB,asthma_cr1,Total healthy years lived by 2030,35692049.66,35695164.94,3115.280000001192
SRB,asthma_cr1,Total healthy years lived by 2035,64552709.2,64560222.620000005,7513.420000001788
SYC,asthma_cr1,Total deaths averted by 2030,4728.1,4728.1,0.0
SYC,asthma_cr1,Total deaths averted by 2035,9122.679999999998,9122.68,1.8189894035458565e-12
SYC,asthma_cr1,Cases averted by 2030,20115.92,20115.92,0.0
SYC,asthma_cr1,Cases averted by 2035,41443.21,41443.21,0.0
SYC,asthma_cr1,Total healthy years lived by 2030,559842.9600000001,559952.5800000001,109.61999999999534
SYC,asthma_cr1,Total healthy years lived by 2035,1042481.45,1042754.74,273.29000000003725
SLE,asthma_cr1,Total deaths averted by 2030,463447.76000000007,463447.76000000007,0.0
SLE,asthma_cr1,Total deaths averted by 2035,881640.96,881640.9600000001,1.1641532182693481e-10
SLE,asthma_cr1,Cases averted by 2030,2069393.0899999999,2069393.09,2.3283064365386963e-10
SLE,asthma_cr1,Cases averted by 2035,4396597.8,4396597.8,0.0
SLE,asthma_cr1,Total healthy years lived by 2030,49730150.519999996,49741923.25,11772.730000004172
SLE,asthma_cr1,Total healthy years lived by 2035,95432651.8,95462841.06,30189.260000005364
SGP,asthma_cr1,Total deaths averted by 2030,219055.08000000002,219055.08,-2.9103830456733704e-11
SGP,asthma_cr1,Total deaths averted by 2035,452617.43,452617.43,0.0
SGP,asthma_cr1,Cases averted by 2030,1527806.03,1527806.03,0.0
SGP,asthma_cr1,Cases averted by 2035,3020585.58,3020585.5800000005,4.656612873077393e-10
SGP,asthma_cr1,Total healthy years lived by 2030,32596875.89,32602245.93,5370.039999999106
SGP,asthma_cr1,Total healthy years lived by 2035,60051539.80000001,60064465.55,12925.749999985099
SVK,asthma_cr1,Total deaths averted by 2030,331210.21,331210.2099999999,-1.1641532182693481e-10
SVK,asthma_cr1,Total deaths averted by 2035,631477.7200000001,631477.72,-1.1641532182693481e-10
SVK,asthma_cr1,Cases averted by 2030,1215524.84,1215524.84,0.0
SVK,asthma_cr1,Cases averted by 2035,2441320.12,2441320.12,0.0
SVK,asthma_cr1,Total healthy years lived by 2030,29125746.33,29128259.21,2512.880000002682
SVK,asthma_cr1,Total healthy years lived by 2035,53172846.36999999,53178976.31999999,6129.95000000298
SVN,asthma_cr1,Total deaths averted by 2030,127025.73,127025.73,0.0
SVN,asthma_cr1,Total deaths averted by 2035,241605.08000000002,241605.08,-2.9103830456733704e-11
SVN,asthma_cr1,Cases averted by 2030,740763.64,740763.6399999999,-1.1641532182693481e-10
SVN,asthma_cr1,Cases averted by 2035,1468193.87,1468193.8699999999,-2.3283064365386963e-10
SVN,asthma_cr1,Total healthy years lived by 2030,10799326.51,10800816.29,1489.7799999993294
SVN,asthma_cr1,Total healthy years lived by 2035,19747856.11,19751449.7,3593.589999999851
SLB,asthma_cr1,Total deaths averted by 2030,23473.17,23473.17,0.0
SLB,asthma_cr1,Total deaths averted by 2035,45895.329999999994,45895.32999999999,-7.275957614183426e-12
SLB,asthma_cr1,Cases averted by 2030,211294.76,211294.76,0.0
SLB,asthma_cr1,Cases averted by 2035,448531.56,448531.56000000006,5.820766091346741e-11
SLB,asthma_cr1,Total healthy years lived by 2030,4267199.699999999,4267971.6,771.9000000003725
SLB,asthma_cr1,Total healthy years lived by 2035,8228553.26,8230533.420000001,1980.1600000010803
SOM,asthma_cr1,Total deaths averted by 2030,1179771.0499999998,1179771.05,2.3283064365386963e-10
SOM,asthma_cr1,Total deaths averted by 2035,2257539.3800000004,2257539.3800000004,0.0
SOM,asthma_cr1,Cases averted by 2030,7133912.869999999,7133912.87,9.313225746154785e-10
SOM,asthma_cr1,Cases averted by 2035,15343688.86,15343688.86,0.0
SOM,asthma_cr1,Total healthy years lived by 2030,108055964.97,108097278.36999999,41313.39999999106
SOM,asthma_cr1,Total healthy years lived by 2035,212920190.63000003,213027600.32,107409.68999996781
ZAF,asthma_cr1,Total deaths averted by 2030,3278737.8999999994,3278737.8999999994,0.0
ZAF,asthma_cr1,Total deaths averted by 2035,6296206.45,6296206.449999999,-9.313225746154785e-10
ZAF,asthma_cr1,Cases averted by 2030,17903590.47,17903590.47,0.0
ZAF,asthma_cr1,Cases averted by 2035,35868649.269999996,35868649.27,7.450580596923828e-09
ZAF,asthma_cr1,Total healthy years lived by 2030,322794532.5,322892809.37,98276.87000000477
ZAF,asthma_cr1,Total healthy years lived by 2035,602446220.63,602685330.8499999,239110.2199999094
ESP,asthma_cr1,Total deaths averted by 2030,2638056.7399999998,2638056.7399999998,0.0
ESP,asthma_cr1,Total deaths averted by 2035,5052899.77,5052899.77,0.0
ESP,asthma_cr1,Cases averted by 2030,15278867.719999999,15278867.719999999,0.0
ESP,asthma_cr1,Cases averted by 2035,29334570.369999997,29334570.37,3.725290298461914e-09
ESP,asthma_cr1,Total healthy years lived by 2030,247130985.51000005,247161416.22,30430.70999994874
ESP,asthma_cr1,Total healthy years lived by 2035,455793812.95000005,455865143.80999994,71330.8599998951
LKA,asthma_cr1,Total deaths averted by 2030,1053805.71,1053805.71,0.0
LKA,asthma_cr1,Total deaths averted by 2035,2003318.7099999997,2003318.7100000002,4.656612873077393e-10
LKA,asthma_cr1,Cases averted by 2030,6135035.45,6135035.45,0.0
LKA,asthma_cr1,Cases averted by 2035,12222683.69,12222683.690000001,1.862645149230957e-09
LKA,asthma_cr1,Total healthy years lived by 2030,114304783.99,114325549.9,20765.910000011325
LKA,asthma_cr1,Total healthy years lived by 2035,209513853.39000002,209564191.47,50338.07999998331
SDN,asthma_cr1,Total deaths averted by 2030,2018421.5899999996,2018421.5899999996,0.0
SDN,asthma_cr1,Total deaths averted by 2035,3936131.39,3936131.3900000006,4.656612873077393e-10
SDN,asthma_cr1,Cases averted by 2030,16348367.39,16348367.389999999,-1.862645149230957e-09
SDN,asthma_cr1,Cases averted by 2035,34723076.900000006,34723076.9,-7.450580596923828e-09
SDN,asthma_cr1,Total healthy years lived by 2030,278603852.04,278696628.14,92776.09999996424
SDN,asthma_cr1,Total healthy years lived by 2035,540039000.64,540277275.61,238274.9700000286
SUR,asthma_cr1,Total deaths averted by 2030,28555.62,28555.62,0.0
SUR,asthma_cr1,Total deaths averted by 2035,54970.119999999995,54970.119999999995,0.0
SUR,asthma_cr1,Cases averted by 2030,251358.34000000003,251358.34,-2.9103830456733704e-11
SUR,asthma_cr1,Cases averted by 2035,514474.25,514474.25000000006,5.820766091346741e-11
SUR,asthma_cr1,Total healthy years lived by 2030,3310115.93,3311097.75,981.8199999998324
SUR,asthma_cr1,Total healthy years lived by 2035,6179738.0,6182170.680000001,2432.6800000006333
SWZ,asthma_cr1,Total deaths averted by 2030,65767.42,65767.42,0.0
SWZ,asthma_cr1,Total deaths averted by 2035,124183.23999999998,124183.23999999999,1.4551915228366852e-11
SWZ,asthma_cr1,Cases averted by 2030,378508.18,378508.18,0.0
SWZ,asthma_cr1,Cases averted by 2035,763713.51,763713.51,0.0
SWZ,asthma_cr1,Total healthy years lived by 2030,6554736.2,6556801.26,2065.05999999959
SWZ,asthma_cr1,Total healthy years lived by 2035,12266576.360000001,12271640.920000002,5064.5600000005215
SWE,asthma_cr1,Total deaths averted by 2030,567734.3099999999,567734.31,1.1641532182693481e-10
SWE,asthma_cr1,Total deaths averted by 2035,1110961.6900000002,1110961.6900000002,0.0
SWE,asthma_cr1,Cases averted by 2030,5478207.01,5478207.01,0.0
SWE,asthma_cr1,Cases averted by 2035,10367280.739999998,10367280.739999998,0.0
SWE,asthma_cr1,Total healthy years lived by 2030,57049351.93,57060269.16,10917.229999996722
SWE,asthma_cr1,Total healthy years lived by 2035,106654239.46000001,106679528.19999999,25288.739999979734
CHE,asthma_cr1,Total deaths averted by 2030,437093.29,437093.29000000004,5.820766091346741e-11
CHE,asthma_cr1,Total deaths averted by 2035,846978.1799999998,846978.1799999997,-1.1641532182693481e-10
CHE,asthma_cr1,Cases averted by 2030,3845961.5700000003,3845961.5700000003,0.0
CHE,asthma_cr1,Cases averted by 2035,7189202.98,7189202.9799999995,-9.313225746154785e-10
CHE,asthma_cr1,Total healthy years lived by 2030,46510411.6,46518059.36,7647.759999997914
CHE,asthma_cr1,Total healthy years lived by 2035,85712980.61000001,85730466.55999999,17485.949999973178
SYR,asthma_cr1,Total deaths averted by 2030,810744.92,810744.9199999998,-2.3283064365386963e-10
SYR,asthma_cr1,Total deaths averted by 2035,1625380.98,1625380.9800000002,2.3283064365386963e-10
SYR,asthma_cr1,Cases averted by 2030,6475978.35,6475978.350000001,9.313225746154785e-10
SYR,asthma_cr1,Cases averted by 2035,14082182.329999998,14082182.330000002,3.725290298461914e-09
SYR,asthma_cr1,Total healthy years lived by 2030,141359452.7,141387298.04999998,27845.34999999404
SYR,asthma_cr1,Total healthy years lived by 2035,277252958.32,277326203.41999996,73245.09999996424
TJK,asthma_cr1,Total deaths averted by 2030,307340.10000000003,307340.10000000003,0.0
TJK,asthma_cr1,Total deaths averted by 2035,609172.03,609172.0299999999,-1.1641532182693481e-10
TJK,asthma_cr1,Cases averted by 2030,1824050.22,1824050.2200000002,2.3283064365386963e-10
TJK,asthma_cr1,Cases averted by 2035,3879385.3000000003,3879385.3,-4.656612873077393e-10
TJK,asthma_cr1,Total healthy years lived by 2030,58772816.339999996,58779596.02,6779.680000007153
TJK,asthma_cr1,Total healthy years lived by 2035,112472487.64,112489891.48000002,17403.840000018477
TZA,asthma_cr1,Total deaths averted by 2030,2355539.45,2355539.45,0.0
TZA,asthma_cr1,Total deaths averted by 2035,4523839.299999999,4523839.3,9.313225746154785e-10
TZA,asthma_cr1,Cases averted by 2030,34884516.62,34884516.62,0.0
TZA,asthma_cr1,Cases averted by 2035,74000766.22,74000766.22,0.0
TZA,asthma_cr1,Total healthy years lived by 2030,397540949.75,397741313.9,200364.14999997616
TZA,asthma_cr1,Total healthy years lived by 2035,779084094.29,779598454.95,514360.66000008583
THA,asthma_cr1,Total deaths averted by 2030,3573229.7199999993,3573229.7199999997,4.656612873077393e-10
THA,asthma_cr1,Total deaths averted by 2035,6890784.22,6890784.219999999,-9.313225746154785e-10
THA,asthma_cr1,Cases averted by 2030,17602111.68,17602111.68,0.0
THA,asthma_cr1,Cases averted by 2035,35199170.57,35199170.56999999,-7.450580596923828e-09
THA,asthma_cr1,Total healthy years lived by 2030,366125867.61,366185916.65,60049.03999996185
THA,asthma_cr1,Total healthy years lived by 2035,668219041.96,668364812.16,145770.19999992847
TGO,asthma_cr1,Total deaths averted by 2030,461432.25,461432.24999999994,-5.820766091346741e-11
TGO,asthma_cr1,Total deaths averted by 2035,883566.9600000001,883566.9600000001,0.0
TGO,asthma_cr1,Cases averted by 2030,2647653.97,2647653.9699999997,-4.656612873077393e-10
TGO,asthma_cr1,Cases averted by 2035,5625941.590000001,5625941.59,-9.313225746154785e-10
TGO,asthma_cr1,Total healthy years lived by 2030,51607186.3,51622159.88999999,14973.589999996126
TGO,asthma_cr1,Total healthy years lived by 2035,99743738.99,99782217.72,38478.73000000417
TON,asthma_cr1,Total deaths averted by 2030,4412.7300000000005,4412.7300000000005,0.0
TON,asthma_cr1,Total deaths averted by 2035,8184.06,8184.060000000001,9.094947017729282e-13
TON,asthma_cr1,Cases averted by 2030,30798.83,30798.83,0.0
TON,asthma_cr1,Cases averted by 2035,62881.759999999995,62881.759999999995,0.0
TON,asthma_cr1,Total healthy years lived by 2030,579082.33,579193.3,110.97000000008848
TON,asthma_cr1,Total healthy years lived by 2035,1078761.68,1079036.18,274.5
TTO,asthma_cr1,Total deaths averted by 2030,81682.0,81682.00000000001,1.4551915228366852e-11
TTO,asthma_cr1,Total deaths averted by 2035,158628.61000000002,158628.61000000002,0.0
TTO,asthma_cr1,Cases averted by 2030,450664.68999999994,450664.69000000006,1.1641532182693481e-10
TTO,asthma_cr1,Cases averted by 2035,913566.22,913566.22,0.0
TTO,asthma_cr1,Total healthy years lived by 2030,7801082.180000002,7802805.18,1722.9999999981374
TTO,asthma_cr1,Total healthy years lived by 2035,14351670.61,14355897.55,4226.940000001341
TUN,asthma_cr1,Total deaths averted by 2030,472419.07999999996,472419.07999999996,0.0
TUN,asthma_cr1,Total deaths averted by 2035,914325.44,914325.4400000001,1.1641532182693481e-10
TUN,asthma_cr1,Cases averted by 2030,3466522.01,3466522.01,0.0
TUN,asthma_cr1,Cases averted by 2035,7069126.050000001,7069126.050000001,0.0
TUN,asthma_cr1,Total healthy years lived by 2030,66387252.45,66401579.95999999,14327.509999990463
TUN,asthma_cr1,Total healthy years lived by 2035,123094901.32000001,123130266.57000001,35365.25
TUR,asthma_cr1,Total deaths averted by 2030,2840072.4899999998,2840072.49,4.656612873077393e-10
TUR,asthma_cr1,Total deaths averted by 2035,5544697.97,5544697.969999999,-9.313225746154785e-10
TUR,asthma_cr1,Cases averted by 2030,32407609.459999997,32407609.46,3.725290298461914e-09
TUR,asthma_cr1,Cases averted by 2035,65612090.41000001,65612090.410000004,-7.450580596923828e-09
TUR,asthma_cr1,Total healthy years lived by 2030,454915402.51,455045894.94,130492.43000000715
TUR,asthma_cr1,Total healthy years lived by 2035,844251540.4399999,844572155.2099999,320614.7699999809
TKM,asthma_cr1,Total deaths averted by 2030,276017.36,276017.3599999999,-5.820766091346741e-11
TKM,asthma_cr1,Total deaths averted by 2035,541310.03,541310.03,0.0
TKM,asthma_cr1,Cases averted by 2030,1078054.98,1078054.98,0.0
TKM,asthma_cr1,Cases averted by 2035,2241659.7,2241659.6999999997,-4.656612873077393e-10
TKM,asthma_cr1,Total healthy years lived by 2030,36301412.16,36305379.28,3967.1200000047684
TKM,asthma_cr1,Total healthy years lived by 2035,68072692.53,68082658.46,9965.929999992251
UGA,asthma_cr1,Total deaths averted by 2030,1703431.9600000002,1703431.96,-2.3283064365386963e-10
UGA,asthma_cr1,Total deaths averted by 2035,3315015.1699999995,3315015.1700000004,9.313225746154785e-10
UGA,asthma_cr1,Cases averted by 2030,20937581.68,20937581.679999996,-3.725290298461914e-09
UGA,asthma_cr1,Cases averted by 2035,44486028.260000005,44486028.260000005,0.0
UGA,asthma_cr1,Total healthy years lived by 2030,287811398.36,287932383.93,120985.56999999285
UGA,asthma_cr1,Total healthy years lived by 2035,563540084.92,563850697.26,310612.3400000334
UKR,asthma_cr1,Total deaths averted by 2030,3084159.82,3084159.8199999994,-4.656612873077393e-10
UKR,asthma_cr1,Total deaths averted by 2035,5727156.59,5727156.590000001,9.313225746154785e-10
UKR,asthma_cr1,Cases averted by 2030,7827937.55,7827937.55,0.0
UKR,asthma_cr1,Cases averted by 2035,15280300.11,15280300.110000001,1.862645149230957e-09
UKR,asthma_cr1,Total healthy years lived by 2030,191455236.76,191471450.29,16213.530000001192
UKR,asthma_cr1,Total healthy years lived by 2035,343558355.6999999,343596775.77,38420.07000005245
ARE,asthma_cr1,Total deaths averted by 2030,108130.98,108130.98,0.0
ARE,asthma_cr1,Total deaths averted by 2035,226137.88000000003,226137.87999999998,-5.820766091346741e-11
ARE,asthma_cr1,Cases averted by 2030,4537687.29,4537687.29,0.0
ARE,asthma_cr1,Cases averted by 2035,9095106.18,9095106.180000002,1.862645149230957e-09
ARE,asthma_cr1,Total healthy years lived by 2030,50854213.480000004,50872573.61,18360.12999999523
ARE,asthma_cr1,Total healthy years lived by 2035,93840070.37,93884706.22,44635.84999999404
GBR,asthma_cr1,Total deaths averted by 2030,3735146.15,3735146.15,0.0
GBR,asthma_cr1,Total deaths averted by 2035,7115042.659999999,7115042.659999999,0.0
GBR,asthma_cr1,Cases averted by 2030,41132823.31,41132823.31,0.0
GBR,asthma_cr1,Cases averted by 2035,76934079.44,76934079.44,0.0
GBR,asthma_cr1,Total healthy years lived by 2030,357281364.71,357363563.14,82198.43000000715
GBR,asthma_cr1,Total healthy years lived by 2035,659129585.27,659317724.4699999,188139.19999992847
USA,asthma_cr1,Total deaths averted by 2030,18156601.1,18156601.1,0.0
USA,asthma_cr1,Total deaths averted by 2035,34837427.309999995,34837427.31,7.450580596923828e-09
USA,asthma_cr1,Cases averted by 2030,255177596.24,255177596.23999998,-2.9802322387695312e-08
USA,asthma_cr1,Cases averted by 2035,509061621.2300001,509061621.2300001,0.0
USA,asthma_cr1,Total healthy years lived by 2030,1810234903.42,1810468416.26,233512.83999991417
USA,asthma_cr1,Total healthy years lived by 2035,3339949953.22,3340516658.5500007,566705.3300008774
URY,asthma_cr1,Total deaths averted by 2030,201209.97,201209.97,0.0
URY,asthma_cr1,Total deaths averted by 2035,369881.88000000006,369881.88,-5.820766091346741e-11
URY,asthma_cr1,Cases averted by 2030,1356614.4700000002,1356614.47,-2.3283064365386963e-10
URY,asthma_cr1,Cases averted by 2035,2604806.46,2604806.46,0.0
URY,asthma_cr1,Total healthy years lived by 2030,17730460.16,17735393.09,4932.929999999702
URY,asthma_cr1,Total healthy years lived by 2035,32452278.690000005,32463853.45,11574.759999994189
UZB,asthma_cr1,Total deaths averted by 2030,1362257.77,1362257.77,0.0
UZB,asthma_cr1,Total deaths averted by 2035,2670741.4199999995,2670741.4200000004,9.313225746154785e-10
UZB,asthma_cr1,Cases averted by 2030,8206503.4,8206503.4,0.0
UZB,asthma_cr1,Cases averted by 2035,16996075.59,16996075.59,0.0
UZB,asthma_cr1,Total healthy years lived by 2030,196808976.51999998,196838559.6,29583.080000013113
UZB,asthma_cr1,Total healthy years lived by 2035,369432192.06,369506366.13,74174.06999999285
VUT,asthma_cr1,Total deaths averted by 2030,10767.43,10767.429999999998,-1.8189894035458565e-12
VUT,asthma_cr1,Total deaths averted by 2035,20689.270000000004,20689.270000000004,0.0
VUT,asthma_cr1,Cases averted by 2030,87235.16,87235.15999999999,-1.4551915228366852e-11
VUT,asthma_cr1,Cases averted by 2035,186071.63999999998,186071.64,2.9103830456733704e-11
VUT,asthma_cr1,Total healthy years lived by 2030,1931590.4299999997,1931910.87,320.4400000004098
VUT,asthma_cr1,Total healthy years lived by 2035,3728801.4999999995,3729626.6599999997,825.160000000149
VEN,asthma_cr1,Total deaths averted by 2030,1281507.1600000001,1281507.1600000001,0.0
VEN,asthma_cr1,Total deaths averted by 2035,2350868.7399999998,2350868.7399999998,0.0
VEN,asthma_cr1,Cases averted by 2030,8110765.66,8110765.660000001,9.313225746154785e-10
VEN,asthma_cr1,Cases averted by 2035,15844376.360000003,15844376.36,-3.725290298461914e-09
VEN,asthma_cr1,Total healthy years lived by 2030,153601539.62,153633969.45999998,32429.839999973774
VEN,asthma_cr1,Total healthy years lived by 2035,274334039.25,274410851.10999995,76811.8599999547
VNM,asthma_cr1,Total deaths averted by 2030,4319131.1,4319131.100000001,9.313225746154785e-10
VNM,asthma_cr1,Total deaths averted by 2035,8375252.86,8375252.860000002,1.862645149230957e-09
VNM,asthma_cr1,Cases averted by 2030,23318185.180000003,23318185.180000003,0.0
VNM,asthma_cr1,Cases averted by 2035,47538919.48999999,47538919.489999995,7.450580596923828e-09
VNM,asthma_cr1,Total healthy years lived by 2030,527758534.47,527839887.48,81353.00999999046
VNM,asthma_cr1,Total healthy years lived by 2035,978054481.7,978255632.1700001,201150.4700000286
YEM,asthma_cr1,Total deaths averted by 2030,1247430.3599999996,1247430.3599999999,2.3283064365386963e-10
YEM,asthma_cr1,Total deaths averted by 2035,2365171.48,2365171.48,0.0
YEM,asthma_cr1,Cases averted by 2030,10614642.149999999,10614642.149999999,0.0
YEM,asthma_cr1,Cases averted by 2035,22278530.799999997,22278530.799999997,0.0
YEM,asthma_cr1,Total healthy years lived by 2030,200372977.48999998,200419318.17000002,46340.680000036955
YEM,asthma_cr1,Total healthy years lived by 2035,383118975.02000004,383236533.34000003,117558.31999999285
ZMB,asthma_cr1,Total deaths averted by 2030,832210.04,832210.04,0.0
ZMB,asthma_cr1,Total deaths averted by 2035,1628602.8699999999,1628602.87,2.3283064365386963e-10
ZMB,asthma_cr1,Cases averted by 2030,4668085.1,4668085.1,0.0
ZMB,asthma_cr1,Cases averted by 2035,10154423.59,10154423.59,0.0
ZMB,asthma_cr1,Total healthy years lived by 2030,120953383.88,120980745.69999999,27361.819999992847
ZMB,asthma_cr1,Total healthy years lived by 2035,236047367.13,236118993.31999996,71626.18999996781
ZWE,asthma_cr1,Total deaths averted by 2030,821885.6499999998,821885.65,2.3283064365386963e-10
ZWE,asthma_cr1,Total deaths averted by 2035,1576446.1799999997,1576446.18,2.3283064365386963e-10
ZWE,asthma_cr1,Cases averted by 2030,2520946.23,2520946.23,0.0
ZWE,asthma_cr1,Cases averted by 2035,5372242.57,5372242.57,0.0
ZWE,asthma_cr1,Total healthy years lived by 2030,95094203.34,95108494.82,14291.479999989271
ZWE,asthma_cr1,Total healthy years lived by 2035,182216474.78000003,182253257.91,36783.12999996543
